0x239dE3a0D6ca5f21601f83327eA2174225eB7156,115322522587138686426174365
0xC17cAb1a9C54114e9A1028755E80A318Fb249493,0
0xb8cC1D0AE92203476D7d55a8d6BdF0AF987ccfeB,2000000000000000
0x8d12A197cB00D4747a1fe03395095ce2A5CC6819,787749888500387612659199
0xEF68e7C694F40c8202821eDF525dE3782458639f,120290802800000000000000
0x7B22713f2e818fad945AF5a3618a2814F102cbe0,279015212261928946137301500
0x8668eF4534EC8716dedE42807084A526ff4904E2,5950000000000000000000
0xBcfEce4bFAfc1CeeaE5fA5c202041446c0033B60,0
0x6C2adC2073994fb2CCC5032cC2906Fa221e9B391,2000000000000000000
0xC6C95CDA7373b0b4B62BEd21016057a8145D7787,4000000000000000000
0xC333F4508973434D5012692A789f54B5AdA32874,0
0x8b34FbC553db3462Ad4909f2e5577cc22f63c216,0
0xe453018cAd6B93995Dcd368c034866Cb4f9B6162,0
0x9980A6cA44E7aB0506A240dBB02595d7cC706bc6,290857619730000020000
0xDAE46FADfd30e7b6DE74937626aDf09d947EcC62,0
0x89205A3A3b2A69De6Dbf7f01ED13B2108B2c43e7,27000000000000000000
0xB6DbA64619F3a70BdD4FFdE2E1f5281a0009f041,0
0xfB6916095ca1df60bB79Ce92cE3Ea74c37c5d359,485581571556957
0xaaD7b11de39C3B9bBEaDa592De949602dD9A11c2,7361480000000000000000
0xF7e3AF24Ec10ec6E6dC8C7172F874E993529B989,2000000000000000000000
0x29Dcd6AdC2CaA0A5214f2B92C793a2849692b0aF,498500000000000000000
0xA38196fC3131C848768aeE8c808fE7000D7db9A6,10000000000000000000
0xb169a6e70346deE0f224c0085f6615e5f18Cf5bb,10000000000000000000
0xfF083a68723478E6b94a9c4506f90298e22caa3a,10000000000000000000
0x000dEA9CF9C7a650557eF8552aC8A38E6A404a57,2982000000000000000000
0xAF11fb3328FA0c8d4263e1f0ABF64cffE4AFD011,5000000000000000000
0xB86e0f9422ef157AfEd611D6a65024D6F465cf21,0
0xAF4E91CC1fA2FAfD9A4c43C8F41359F6aBe52b2d,0
0xaD41548Fa92921597Da3AE783a330396B47Cba3C,4000000000000000000
0xDEEE28c84528c1ef53859a4290F3669d6FFAb4C0,5000000000000000000
0x419D0d8BdD9aF5e606Ae2232ed285Aff190E711b,490400000000000000000
0xbc063Bc733403beb2f642ab9F3982957473488ed,10000000000000000000
0xD5Ad2c6C12A2C4e6B606db04AC7C6e2d9D504d75,10000000000000000000
0xDD1C38dfe270278B65ED7D547427F97B32FAc995,10000000000000000000
0x063064055DCb26897CF4ca52E05f8A1352926a20,0
0xF39dA24A4360b0A7aF6Ab3ed339F6a165771B5e3,10000000000000000000
0xCf1e13FeF1853B47C6272e1A5Ee22A56bF5e8196,5000000000000000000
0x4e20a9a9112E6445D737892f1c81bAab75c56B58,10000000000000000000
0x1Dd03CeDDD4C968465E9E9A486825eD8b25Df665,5000000000000000000
0x0e808143C3C1Fca8BbA09C9498AA551aFddC4DEE,10000000000000000000
0x6E8996Ce2c01fD2Fea02659A84C12c766a03EBa0,10000000000000000000
0xfDD59BD335DDFaC99D2E304418B244e366dD6dbE,0
0x558EC3152e2eb2174905cd19AeA4e34A23DE9aD6,193195000000000000000
0xa869A2226D5368F252F90BA1a9047d96ab0b4976,10000000000000000000
0xd64CEA43B17e3E8801Bf95Ee1B53C0CDFaCA95E1,5000000000000000000
0x098481c04057BAa51F145D7fcBd0f3F90b3Fc2e8,0
0xFF2F14B44a9231ab8F126022EF0EaDD4F0c88EEC,10000000000000000000
0x397C7447692Fb601b46Bc6cDaFF4C4a5492CF4dB,0
0x6cf27F851aBA8ca16898EDD3d9e4eedDa2e5e72F,10000000000000000000
0x746ceC33491C573B290a171732117e43fb21B111,10000000000000000000
0xaaD2F199f1E4d6e20FA353AeF5fC831f12AFA229,0
0x424efC76687a1F0192E51c7F9dbB10ED69C61c01,0
0xb6b5371e42582ac8A6eE5840Ff07212030a4f035,0
0xF90AA8b3463105770C8D4F6E7b5359322E6c628E,10000000000000000000
0xe1a54300eA0f03EECD92782B2cbA39bc763C6161,0
0xd084fD75112bB298D840444175F8251E184E2aA3,0
0xF194fAb99fA9770a22A785673E3E38003feFF5e3,0
0x6900773734da8390644DB2c42561C6A68DC2648b,0
0xb9F7b5C3529Acbb7A6E7285DaB7d9c4F1e172f3d,0
0xd1A216c29055926F8ba6eA8cea61deE8776D7112,10000000000000000000
0x130E373CCc67d6d469580f15fD479367d585D69e,0
0xA9A0034a62D7D8fD730C0f4d3260C7c6C5E2b782,0
0xf63a5E8fca23b93c9F27C5f46a7e850aFc270373,0
0x06419840A4ee634632917b38bBa7743994D799Ef,0
0x45555629AAbfEA138EAd1C1E5f2AC3Cce2aDd830,0
0x970f4C3Cc9fb5E9a4001313AeE8c6F97A8690a24,0
0xa3550e20574Fa89783D38b834011E35768da9325,0
0x6109398eAf41d6F7061c311cD9691D28F0F40F63,0
0xDAE5e4d0dB87AB5EEf0A2a211c00ef65196F7958,0
0xAcC4ef042c7692fCCC414c2C38F1A0A4d41fb8A1,0
0x6c4a2366B3CA1AE0cd3b2566E6A2D41eaB42DB5b,0
0x18be1b39B58a5095654aea3068Bc475E9aF057af,0
0x1530df3e1C69501d4Ecb7E58eB045b90DE158873,0
0x56fEEb5f4A7C2569B99ed336A7364032e3027105,0
0x8A40eB797473972b0D9Dacf15dcbCB6E6374bD5a,0
0x7A8f229AaF9203d3E475be8A449aeA83DD58beB7,0
0x8410207f37F788d7e1A4df680E29ba08CF2Ccd07,10000000000000000000
0xc6b330dF38D6eF288C953F1F2835723531073CE2,0
0xD3171BD482892B42ED95bC6F452c09dbad263FAd,0
0xeD67a04ef9731Aa1AaE3055b495447b5C0fCaD76,0
0x662d56dc4ab5F9Ef3aBE60C5de9Eb1B8E9F880fF,0
0xb8880367FBEA5374AE11EA467Ab8b12D9ba652Be,0
0x3d3C44493b40cfC3ac83bE1d2b74b24E969224EB,0
0xDD5Ed75A9175b77685cFD27124f86b3A6C053660,0
0x2a0c0DBEcC7E4D658f48E01e3fA353F44050c208,54696014546692755055569
0x44c20383c850E55e55413C90517b23A93F66a2A6,10000000000000000000
0xBBCF7acf62ED9cbF0433CE75922c10203CDc3c44,0
0x65f2DDDf638C7a7118b22d610c9aEBa141F2467F,0
0x210E538565523351343Bf5699cA06D8Ae1616312,5000000000000000000
0x8600E7E615dFAfb38254b0f8193baed1b46609De,0
0x15D79Bbe43c66a74b66CE5192fafEC8231E7f337,10000000000000000000
0x070796F24Fc51453cBFdB87766Bb441370D0f421,0
0xD03A934434d121DE15DbFf1BCe37128c3B3A7cB4,0
0xD80f1C9a42a3c32dD66d9C28AAFA2a67a4962e9D,10000000000000000000
0x5f2f0B98654468eB7A120311ef48afD38525d185,0
0x39E660Fc418b319E3C80dd105Fd189667B15ad7d,0
0x10B84205f41413662c6Bcb61BcE2193ceF2Adef1,0
0x5f29E5Ab92e3828E064B63F391268e42CF77fAd5,0
0xD58C38Ea39D914Cf3dd03152de557547343B52f9,0
0xD46Dcce9d280Df390ec1774826eE7dA50efb2Dcc,0
0xE1549b9a33ad6233eCB6cf9b76C9b2d9248c73A1,0
0xa14824bEA8d4fE1bd89bd5285B0Ae30976703069,0
0x0ae8Faa8602876455c0454CeB254bdE3e20862A5,0
0x913cC19485F09E0e792997f910E3015eF8eb013f,0
0xcba28142285e21a72E9C5874E9899155b20E11da,0
0x46Cb98e1B9Ce37589E0b6FbBee9C41D4fa651F09,0
0x35b7Dc226843b6d4C65cb3602DCA7193f8Ef8b2E,0
0x9eA8232186F5077a047862395432Fca1bA099D7C,0
0x4Fa8Bc8e9859EDB0c94eEf0016Fc8d523E73C6Bc,0
0xC71B85bfa55c995b80E74C9B71918c0d30a5034a,0
0x784B2F0a510613C74E257b8192396d32C24E5106,0
0x06584905B84F1cF2ba2dAd09d97391a35DA41C0a,0
0x5ab673c38DadAEa831Fd970a3aa0A5Ed3F0D7863,0
0xEdEB2E8794998D6413aB652fa2cA98e21767C998,0
0x82b5d56651CB4F053Fc09ee54bE14AB035369d32,0
0x2D97Cb0090d9B8970CBe644DfD205778966fAbBc,0
0xe3d71F98d20a23eE4e845E2e59988ec0DB6B7bb5,0
0x1Df7c3CF4FC80d3a8277052FBa7ef403E6003B67,0
0x196e461217553130558CE80C768B6Ae8a57BE5AB,0
0xB7dFC2C9A4FFd6266EeADA197F84f9225a048cE4,0
0x2eA8eFA134527D7dC0eed3928727dd494A8cB227,0
0xd72c21D76E9E5242653Cdb8618F9a7D625A7edb6,0
0x03e15c532AD42Be4d4ed3e1Fa52B8B6E54d3905E,0
0xE050C848fEb5E848aCbce34af1753D00b73796fb,0
0x09ADFCad1fF25Ea37CC69C735E0028a54770310A,0
0x01043B9B92AF691E20349b642Fd7D8b496aD8d4b,0
0x292Ac50B9e6867d1E104893F98E6bDbb8EDc4881,0
0x7e57b89edb2b256515E4457D4eEde0671A7bed53,0
0x5c9819b8d8391f9eb2805B1c72569FC7c621Fe68,0
0xbCf920F2edeBb0A73B108c9cCb676CCCEE41514F,0
0xf0871022892b9C5291c1C9E3E0d5293026fC0124,0
0xBba03bE3Ea39eDf583b5Fc4fE9Dab57A042fe0eE,0
0xbeC501209396Bc96095637036e540F8FfbA7F74b,0
0x6df5E53D8A89e9900B220FaaceC9AE058da9DaBb,0
0xf2f147BC1feD64595fFa0c08EC0cbC25C0A2E416,0
0x87BbfA8a3176BB46eEC1ab6E2f0C780C94c6841a,0
0x0d862F6368FBeF6d26b23b53d04872447f996B76,0
0x70410E15124846D6e8fF3C8997c437F72012719b,0
0x53376cA48393d804Ec9147f24A5eE4DdE66f8B74,0
0xdBAd37D283E15796b49d7B41A76186e25FC0B35A,0
0x65864e7E734eaA058c22dC620aEbB809F822f041,0
0xaD5D45dDd9f14B21eEF2B33B71cAEAd055d7090f,0
0x473662C27ad1A11A3d4787C3544eaFb6C5E6547b,0
0xc8c17FeC81f30fB8534C7a694326c7a0C5c95913,9079173272
0x0dC8D4c162228662C77BC84EEC91dA88659f4DB1,0
0xedd042404C99a8Cd9F750f2c22089aC87f8c149e,0
0x8d7186060426f3cf450274a6fb0CbFa12d616737,0
0x99AA99A1517fA025D1eF2bc9ecE0Cc02ef094076,0
0xB7a9eC4ACd752c275f36eBD8B86aC0BD727BA2B0,0
0xB6181980768908054CbEFDbE000F3f2b0cD331cF,0
0xFEc7d3E07ED60b361Dc449741F52e7eFaF887073,0
0x2f056B6Eb566e28537c01060F7CDcEd68a1ca4aa,0
0xBBAd940124cC86658B9c6b70de382519f9E9e8dB,0
0xDBea80ace6d086f19639f20f10a3DCb5B7664Fd1,0
0xb8C24129D5adD69e581744bEA6061EeD32AacE50,0
0xb207c04E3A7E86BDFbC15ac3e6cEea8226596d94,0
0x93728581023A0709e99d0566Bd6381A649b4dAD2,0
0x5d15DAd084cC317d685f3Cebf083D2f8A68b27FB,0
0x88c5C7A7077a3e2055280D5b96Ca8Ce603b905e5,0
0x9748c8F4dcF519b769b75A7532e033c9Cdf9434B,0
0xF61242b246DEa156224f7d39b8C6214C54748C73,0
0xb00fF25e58006EB7623f9763BE28001cc9626692,0
0x140111c1162d0d89aAb89C6383B9ee218381E8b4,0
0x0052A971801D0E66860e310220dc52c07AD18791,0
0xA5eC8530B18fDf394Cad67542F64b1F98823fd59,0
0xc6657f82bB110D6b02F505c09f117CeB8cdace93,0
0x73532C909736602b78670fa327159bdF8E3064c0,0
0x7Dda9fC81da8648565801A1566add52Db7dEf55b,0
0xfA2eb971F7EEB0AdDF86dd77F32C224c243a5CC5,0
0xA63085E14B20A42664520cf6AEDc3A04625EF48b,0
0x8773B78f1E84B787e2e2ABFC0D6174bb2F0B7574,0
0x6513e5a7eFFD90396dF7812D7eB406fed5B6657A,0
0x2b2f3f4bb6788b4dbE06f598B2A2832522A94A8E,0
0xc3B48Eec611e83602A360ba41435c011f8003dC2,0
0x81b54ce264201e9Aed5CA6641ED1c1B777554945,0
0x94b8Ac03cB166cE9512355d2D9a92640478888e2,0
0x9D2D94e90dB87186Ad5681A9eeE022118F2EEcfc,0
0x219F514aA3B8a5061250bf6c4De155231eDE1F53,0
0xc619E90f3570fbB99489F0D84458cce0519cB1d3,0
0x011676CB3561acC8F034CA09e19Cefa671829BC1,0
0xfB2fDa02e5DA605De8e44827B8540DDaBa364837,0
0xa8B7ed778E7Fd93d7e4a2eFE9410f5AD3A4D9B01,0
0x425Ac2e86bd39ce174D46eB634F33A41FCbDa9eD,0
0x26FAe61bF4037Cb50880de94bc27F5D1246652e7,0
0x63E9505C46106A1B04745cd0aFcC3bcdECfD0629,0
0x2E134b81c4CCff6e9C98C4a00B3881BE39afD860,0
0x86b029461f4De71bBE537C121f289B865984e0ED,0
0x713D779102d601c0A86081e4DC5bEd12444E7cd8,0
0x79bD24C8562993851EA3C131B5139f1859C0D854,0
0xa7dEf27a6E0ef0c5A1A0d85E0ec28C93c3bc7b9e,0
0xff38a0651695763F6dC4A835d10717E19f0da76B,0
0x4ae0F4002C0596E5Cf6BB3dD895d2bE1DCe3615f,4103159627
0x0d733fda84a42E0F047540e0c59B6388f1b2df9D,0
0x26f8200aE413f193a61CDd5591746a2E90fadB4e,0
0x6A27c7ce45ac521a7d3D6fB6297f51C19219f75E,0
0xA751C3097D68Db9b2e4d7341A1f16Bd481bC2407,0
0x5E01150897a3AC1ed005cfD55Af4F847BAB8D9BE,0
0x6e26bBb25C28DFD9DF897D1e9c1569F9A38280cA,0
0xB2D90AFE45D4EF4B1D42265BD97b1cC0938151be,0
0x3ebE4934120e209Cdd76D3bde592DEA7e977A60F,0
0xef29fFa4A0D402B6f2D86E7F4C737e7B1B3D2b7E,0
0xe3442B61c1d183b9E7E89609e5747cB3BfA3adaf,0
0x01bcF8FcFA1CF61b9c709f84B88AC8bC8f5c1Df8,0
0x76125d3fc85791cb3C019D78C9041cD135E2050c,0
0x93d4Aa6a6b7F3b1762cFE7098E7272d2C260e02E,0
0x89AcB618eBd56eB62A4649424c2Db527A62eCB53,0
0x1cBF93f5e1EDFf39531E534C238938513dd1aF58,9999960000
0xD577b44AB0a013ceB87c9Bd36bdda037A50c2244,0
0xeeE8e79dc6Bb97Ac71e102689a52EFf9A469a2AC,0
0x20a9c9930ae57cb3f960A4Ba91EF785957510a54,0
0xbE25185b6cd3F38819752b2831F3b7c56E739A6E,0
0x29629566fb3Fe05B97Fb148d891a49190DeB6Eb7,0
0x1228F136772a4cAA8b975FAe7dEA7aFFcD87D634,0
0x1c52CA99680ba7138DbE5f2713a1eaF8fb659F1d,0
0x4d2A6D37A0a737Cae5562Ab026846D1a4461fB08,0
0x1A91c9B6b9d76EdA48529FA415eE8C4810C6c0f0,0
0x014CA5874A0bb52E32C02EF0a3C931763411816a,0
0xDC0D85812a7b92A62aD7Ee924020c4297af4cd8C,0
0x6B390E47139FFB369a90141A6CD088Ec5953aD88,0
0x07d77369E452c972afd99b016aEAa3E18bA7cFdF,0
0xb9F62FeE3C453c16fd3f17A01788439e95F347BB,0
0x5557A1D5A492169f5bf77c5484aFa220ef6564fC,0
0xDB62Ff8909c23C831CbD5B5f3f3AE3336Ee7a6A5,0
0x7a016614a73126E72b89F40dF6FD3f2873BBeca1,0
0x8cE6B67644e3fCa338a9b27BD80E81eEd67FCA30,0
0xfaD30996DB92AFF33c17aA56E70e7C13395eF28c,0
0xB072108715309d1D7f7AA9f91B7D9c8e4290a255,0
0x5646bF98EB754c9eD873266f9D5fC66EAfA541eF,0
0x4d5792913ab636be6649C9a57DD3A16B9eA3da4D,0
0x13D1c9d5D9da50fF84649089Cdb5a5Da1AD27920,0
0x25666f7Ae1c7e6B830b991c2E852366eA312e145,0
0x37A21d32393782fA9Ae3ebCd0c43FAeF0C45D05d,0
0x92D941AAcBEB18cf165bA954716a9F680E6C475f,0
0x0eF917d571e917BABF6dC144250f8aF71D28798E,0
0x882dEda610879266dF33609E5d32f8B4D9E7818A,0
0x38cdAD14eE1AAEF5cF05F5Ef247A718645FfE567,0
0xcB3094bA096959f6DAab08ff37144fA557fa6979,0
0x5cCa6006C68D0911a73846d9110111De1FEF0288,0
0x69064F400F992bF9056C3C483ae93Ef714cB707a,0
0x28243AbD56611963D52792fC0C7fbeB19476a926,0
0x0C6904C774dC27dA7a81fB8AE25F64eeb244635c,0
0x4a31Dc57762328d6f4936a4e7B926d3412D8C284,0
0xa411Df760Eac5FAcde90c66E6d9B76390EF4FAd0,0
0xcA48c696d099C447BE71D92C6Cc3B8Fce17f2395,0
0x1236559B226862D5f78DC742d39dFDaFfa67e462,0
0xbE544a9f37d5504dac299a88b909471FCb216BEc,0
0xb14eBAa86219e4c799350fEac453ec2011BC20E8,0
0x5A81D8675Bce863b3da4239147d38C0B9f403500,0
0xBDC43b289095e91a2215104A1872fb8b1c995aeC,0
0x9333dD9d550260333C568e0701B3960c6A79965d,0
0x1A13df2C823A290fFcC2E8ab8f49f1fa011e5bb8,10000000000000000000
0x35aCfF136Bf50f1fBC4a8BD543490CdF76083661,8773837087
0xd6d6c2A00e442A9C692C2Db2b0688dc67D017C9A,0
0x99959621B1Ea0134327bd47e6A70165a53884E51,0
0x40973e45D1445b743ad74e398A360e716f232e97,0
0x50DbB64D48E6199846F62eBf3Be09581e711e49a,0
0x477288e3DE2B788628da6A317E79f5B43AdCCFe4,0
0x3031Ef85178774185113350dD199EDC9f2302F9d,0
0x5215d7FF0e753bB80B05ADeC7aB6292007BB1451,0
0xC1ff2E14180B196F5D3ccBCDec545e6E3591507E,0
0xb7F4Ed3AeD30028196A35B7721ad61765729978e,0
0x72fe39B02414Db440b5410cDc2b76c82B6E80737,0
0x9Bd0f6273aF08f6d6E3d680cF9962aadC7eEd9f2,0
0xF1379CA5B2287dc184A8fBfac4b5b5C8bCa67998,0
0x6f505F57Fc3698057c3301F98032e44603f70475,0
0x642ca36da5b650778CB390a1B4DFB007A6C5998B,0
0x8327CcA457DDa0b468b4e755DaD9a7aBd494b7f4,0
0xD07303C3F4039Bc21020F659B8A582aF355a06F3,10000000000000000000
0x5786Bfedf96a922b2DbC136dc9Af647DAcE489CB,0
0x0925FF0e0a149e73733774542E9E7CCaeDc82bEd,0
0xe950BD978aab21ca85F796fFEe8dddfB36CB02de,0
0xEba579f59F375780CcB14b1A41236059A2Ef6079,0
0x08e00609060f69Fc19D511ED8c576C7152657e3e,0
0xb98937Fb2df568970161615C666CaA629EcEb9CE,0
0xF3F68663E4d515E9493bc973b5662B91aD8F4DeE,0
0x727741be1c9C8bB1DF4D7Ed68e9CAd124cbF0320,0
0xb13C64fc23F0C1D997aA6cF1658494Fd336b5E1e,0
0xE5EAC1f18c198dFD3a0c9A3741aFd4b978CFdfE8,0
0xaE22d2b4E213568d9EF699e5A8A1deC6c0A95aFc,0
0x7aE063087D8261C38625ba48248D53995Ed37310,0
0xE731926aF6baD94188D457611E923A5E1140dda9,0
0xfDe0E6026E870BC8Db1D4124Ea7f229b17B26aE1,0
0x94de0A1322aFDA7D06BDD801ba12a8C3c1BfC662,0
0xd664c43cC62Ae11F7840FB0527a90bD0122Fd311,0
0xC010C3acbdc6fBc6C179797B29893943Db92B2C5,0
0x55826951ae7a850f0625de2130239f46E1dD9175,0
0x87b861D29C1E7C062Ae070ca137745BdB5acB3d9,0
0x31e8Ba06998120eed87f9a9e4FAe3A2a64c368bA,0
0x10e1CCD92A3fF5E679FdFd22f7C5E3f03a3DB984,0
0x9b094e8Dc263204A8f614911a820D4F5f6b49dE4,0
0x12dB60e230e1433f7802427d3DEe29A2D2cFD3c4,0
0x29C2758CF8eDe5f20887E6b71f6013eA75b6acF5,0
0x1Aa1c0a7c7e8E9e385875b9D3829831b9fCf3bbd,0
0x1FF6c03DEfa68B6Cf0196e8A1cFB0dc0f8c4f68f,0
0x0355204D613702c0aEDc98900BeE1d8E2B34Aa7F,0
0xf4bad71B99Fe2D4D31f9c7B7F7FEc5A29062f29e,0
0x07cD6019448d12c7Ee7fa2f2F4bcCdDF247b60d7,0
0xE808BC445795669D9C597ED8e57474fE74919CA0,0
0x9Ae4Ed3bF7a3a529Afbc126b4541c0D636D455f6,0
0x1ffC26f276DbfA8395c0743F70a5518b5A0B8853,0
0xEf875fB0228821b76A951E138Ba6f577B6E5b589,0
0xc83BDfA21469A17ec8dfe411De41026E0f274f92,0
0x513E2Ef397f88dA9Eeea6f775a5D2D6f72B33BCD,0
0x452e0127Ac066AbB5e0443976a1785968f0326f2,10000000000000000000
0xe8B7fACD4752FF9938EbF9729bAB9eddb2a40eb3,0
0x5E6CDa404528D053754EDDBfA93d5bc74fBa1Aed,0
0x7d863F0486874202A3535Bd257b1F431ca663BF7,0
0x60c3fc3188D149a71D282ECf8A44040F09cd7d78,0
0x85309B8fa2ab77F9712f342D52d021a7aD4276F9,0
0xCDDFe79D84b16b7737fccB64f0a61B3F3A44Dd25,0
0xb3aC30cd0C1b3D416A8493BA28a678a3320Aa66D,0
0x3dacc678791092A8Fe7d6974AAbC8113aA7d0Ba0,0
0x75bB34c20B4f38336859030BEb7fdAf1D3518C76,0
0xdD3d2D91a24432B404Df0200C2fF0AFfd4700ED3,0
0xf418405C125D824a355cA37FC9051616fF0e9F3f,0
0x8F0035124C97782585a26Cd871e6E25Ab30E78A2,0
0xdE30b70DFf7D32AB5A94BF5B8631c3807d2cEe8E,0
0xEb5DD966A0Af94E0074468F7bAaAEcbb5B684b58,0
0xE89212c434a917882Bb466D2D37d8b0212E41114,0
0xFA1a856Cfa3409CFa145Fa4e20Eb270dF3EB21ab,0
0x3B09E3a2cecdDf1c0CeE4A2aC643ee26CA233c15,0
0x70Cc2DC977881240a685E889e6Fb96ccEFB45D74,0
0x1CA76e6F68584A319447343bF7b80FbdCc36afae,0
0x7b70C54401326679f987874493BAc86843B278c0,0
0xEeefEF0Fd9680577Ed4067F12D4b06fee633f6FF,0
0x3C369ea744bb5626b7a1743D0ED1BD702d8E2f26,0
0x6A844ABdF12A7c939994456968C1082979A51ba7,0
0xD1f10E30142EfD6D50607d4f592F3bdFA197Fa3a,0
0x07Fb98D3f6e9E7041A7ac0E61E733c3Ca514F573,0
0xfcccD176AadBfA7bFf4C256Fd5Ed1045E843Ce80,0
0x0a59E6864F1710782816B7e874e825391Efe790B,0
0x6f92290E958Fe735dF1d47eB0Aa8aCeA5d99A1e0,0
0x1BE698D8c1DCa72BCb976A923246992995F344b3,0
0x4C8F7B402c9eCcBF28A269b0e780E0e708B7F2a7,0
0x32D04f38a5944Db82E709382200392DF9a8FE063,0
0xd0adD3fC700a62be769B946b817c7b4425018E30,0
0x4C30c4ba617f998beDF5799a0d862713E8dAf594,0
0xa51c7AD3Fd96F283dfc6fe9ACe3D538bB9D95bB1,0
0x4c98b3c41dB5e1d208Ead25f3d90f777D33B0181,0
0x4aEE792A88eDDA29932254099b9d1e06D537883f,9136023074
0xB7Be5717a99464c33D9416EA41625a86d8Dd9265,0
0xcE122cB5475B9953663545B9aECE7069F32142a5,0
0x439F6a1D1dcC9c8223E22f49502bC6A8cDDE6c92,0
0x26cDA3432c8656f05366347e5b9961B3A3384C1A,9999999116
0x0a97DD5Ef3F05E97D160c58fa37eC3A9e6535b95,0
0x4Ef669F7f768307b20B4Ee359BD16675b62eE2b9,0
0x9D30A591556Bf929c73099a50e9A6788DC706B23,0
0x75320BB452bD3b5f45150860226A2168914d2A34,0
0x9C13fD4311c58CF365171179bEbEF89675A951AF,0
0x43AFB874d69640DECDA69007acD50308D4D0FEEf,0
0x8286Fc34bA6D476e34fBFF44f07Ba3bBCaD7f693,0
0x62F7F46cD4dbad2A34f7B942D6390F81d695B103,0
0x03A3cC1EB77Ea04B73c609b954766E47b2bB3A27,0
0xE7b55619B9EbcDCfCCbd5Be0bA40fE050F37ad95,0
0xC9c979E61A31De426Ca17dB63073842C71801178,0
0x20C572BBD0C73FecDc8A8721030E078d78368dfd,0
0x5eAd5A74a3137897c3924f2c855c454fe2CEeC7F,0
0xC7b5b9B4563B75A565429c2c149661CEAa8A0C8a,0
0xf1759b8B776BB0f851D468c2a2bBECBd2d40C0e5,0
0xcD4d1d3Cde0A937295C8d09b35f2E91e0E17C53d,0
0xB98186f4Ed9652C86D807f55A38A78Dcacf9bee6,0
0x06ba18Cef821b0789c1142120580b01974Cb6f40,0
0x8936a111477a87C7a9C397B0dC15749dEbF5bb20,0
0xb949C3E4Cdff5Fafd1189d9b6F6eeEf8D83C38e6,0
0xa883189f6b1D8BF4ac5346ACa029bDb4BC2c28B5,0
0x211A616d79BC33c474BfF434BB98AD5a32113B6A,0
0xC45de1fac0754B8D66460aE5aeC9a8E816D31Cfa,0
0x16943bf3C8EaffDbc32c2b43d7C6e76B4252B643,0
0x04e374D90F0A33254760Bb93e731911BD622B8F2,0
0xF68d9dE2E2dca2d92FF9473824e8afDaCAa7173B,0
0x69108A4B906D248a1d3CC31b6170de01Ba2e433e,0
0xdB1ADCfF97f84A8cDABe9ba2F860AE14a0122FC6,0
0x98312E6f476E1797C64B0dBB980f0A045E3C1418,0
0x98dB1E848bd8E2190d9921Cbd3eCc7DAE534AE70,50000000000000000000
0x667c59B83cEF64e9f33F58cFe5daf30efc01dcF3,0
0xb6548dD844ED2F47E54188fa06F93Ae2262958e8,0
0x979b49Ed28bE738ca01d08Df8290D489e2ceDf30,0
0xDd7Fb6774Cb413B245b49E7aeFd7F17dA06b2401,0
0x98D01C3CD018AC598030b38Ee6059168A8D4284b,0
0xf481730d445DB3839EC1c04D8A514E2195d1420C,0
0x680E9e94fa537923a391B25C8E326371F2eB006b,0
0x90eD95322B0d45DA28BD23cC160A61687d641822,0
0xfb18E460D46Aa7dEc512C467c4d137C4aBa51662,0
0x8B1B3AE7797f1685DB38c7EdE1048B55DA6801ed,0
0x4BE813Eb72802aC4C1c8b4F2b20b1Bfcd961e5CA,0
0xA8b38BF92271E1a6a5577ca8b4587D657155eAe9,1
0x83385a37e4f33109EE7c1C5A5f314256e3aa0421,0
0xe9BC970e169A820cF057b96f8a2D412C983570c4,0
0xD1A549785f0EB5E9De5Df3ECeF4EeC5F0568eD1c,0
0xa7fe166050AD6DB62e2E7181Cf93e7FaF3f33B92,0
0x38fd289F5986d88a9076d8290343fb0960bF8E62,0
0x7250f43cD97d445B5fb3a36f7F0D9d325940149F,0
0x5F8F68eCae7DA19143253489E406fE02472F8eD2,0
0x0159ea4920c367d9e09C8942Fa006e78ACEB2DE1,0
0x5f7634fB59b491B71ec53b6E06207D8FF122f8D8,0
0x25D4E73C60D320CAA1f3f9D0E17dba057A7Fe601,0
0xd67E37bb6E2EF7D15340144E6992DeAEe3B1DC0f,0
0x8F09199FA86c911e9B08a37E010632b293b0362E,0
0x18c6221ADD7Be97aFBc99411749C4a5baB5adc64,0
0xe37aA8D2D7771c9baee319783b19DFC557A74745,0
0x1b0a9308Bf983e3bA9c40d20265E32E86974c505,0
0xa35D936dC36066778E0bCaeD7994EDC019B0706A,0
0xAC47409108f68Dc9C657DC8eeCF86C4824C5ed6b,0
0x7AaE76E339445c926e151B40bD54BB33803cEa2b,0
0x47a13651bF48dcacCC5A37Ec4CB22F0BD71c1696,0
0xF8258cD5663d38D7FA18e477Ac0aA827f9394763,0
0x206fa533745F133904480948283F3515dC625e7B,0
0x86EF0fc51F47c9E2F0cbFa8F7dbFf15d0847872A,0
0xc4f7592808Ab8eb4c5702bf7F328aC24676b1e42,0
0xd48CD9Ad40eCf3A354132ac5fE66fB7f3A1dDe17,0
0x297C27003C3c9D78BCf7Fc97B9Fa172dfE84Ac8E,0
0xE0F8EF55A41258Ad1B67781Ca233e0c1301aa853,0
0xAd5d96C14F08C1712ea02673C3517f127008CE95,0
0x5B678225971F33521bb9567E946d67148A96cB29,0
0x16d846326798a3E4c5c221E8D48Cfa9c0B523B24,9999900000
0x6A1F86D7a5487489726Cf8bF6D047e990D8399da,0
0xfe4dae855fC9Ee3A9F35d07367222aA1Ede6088E,0
0x6e5204d4AecC810B37322168248139ca15C6A643,0
0x8550B9E191926E365dbB1b45b0b8B6b9C00de80a,0
0x7D223b0816DC31EE93C24B80C17551F86b1e3c03,0
0xd63b41fC46604D44718f2C52d59Ee1897A009b7D,0
0x815ddf06aAE535F81DB2ab38eC09E7BDF8137E16,0
0xC86C462369Ea05ACDbE23A0923812076D73D4853,0
0x38671257cB0e48562a49b8dfFaB59277e6aC96A7,0
0xa3882bfdb19f3354e6000f19D8743Fe0Ac1be26A,0
0x22c4fead7557dea5EEBDdF653f55064d652f9E89,0
0xd66422731600fd23d86b3ECeE95B0b7a5C26413D,0
0x67CD307E6e17F08ffEc6d7DF22e6859d36FEc148,0
0x7f3cFB54222797C1e4EbB721F297843DBF63923E,0
0xA110915bc61C3BB1A124C1E7BC0adabfc92624f5,0
0x8951dFF653137126e24a6b35448dF53e18B975CE,0
0xe941aa82C835e821AcB2c962f4259E9E2997cAE3,0
0x23315975bccDa5Ab646A52310DCfCC1480Cb9E7A,0
0x83F8789bF8AEE2AfD47174fcFb74Aec21d460E4b,0
0xa832d1D3093A73101b8cfc17944016E8Eeb6aEDc,0
0x5fB8596a91Ce0d9285348e8aB336bF254d6A66C1,0
0xBE4efd02278375Bc93d4b039aabfd53aE7A053c9,0
0xbCF51b02c46d1E5654C2064B3A7871dfFE30B6F5,0
0x630c587dd37781838E7BDDcd0037A59B20fCcdB9,0
0x50c7B1f9168Fb7b7c6cF0289887b40d2BB1FA2be,0
0x014Db14ba14B63Ffa9ead3768DEb31188d9B06D4,0
0xdd978f47346888b26eA8A69205c82Fd79FBeDfa8,0
0xfCBaE1902cDe466B37b32A349DCCe8DF73204b96,0
0xC94739667740148e89Da38c64f7738fE2dc06Dfa,0
0x18E9CAA1f6972E042Aa41214b5D3a1556bb27a49,0
0x108aa0Ac032618c7E30084c54aeC54895A36A75D,0
0x6A40c8E409B915e024Bd54b225f06919C1BAE502,0
0x56E2DE61de76245C1647b17D89f881a331BcBFD7,0
0x994F9836462A8E747a5473D08A05e856a8f93445,0
0x70B85E1a41Ca6cBe76A082790b6C2Ed056dd5e1b,0
0x5EBb3E2f90b9649142ADd0fcBC9f26110B5CC2CD,0
0x6b1F60896274C5e7D19b16Ab8BD57e56F57861DE,9999999000
0xF782036C723a1323B1121C709071670B22AA247d,0
0xb97b7c82aBF61799430841194F48032baeF3Fe9b,0
0x1B264DEC0a98BAAEfb320C3E58dF0Cc5ab4D6e5a,0
0x6C9AC951874769677Be4d47806C7276F89934710,0
0x4Cf73Da4c5ec89D60822B50f769277A9cE498525,0
0xC3a0D87c8F418EE8bb17a8c76152e59b447a493a,0
0x8e1aDBC7f7379F81a4A7FA76d48F8E3B3dD6Ca41,0
0xfC791D60442218af389B410f8dF8Cde3A5838B91,0
0xFfE377AA820D8a503CD25D4F7329Cb570A4a8F72,0
0xdc67101D710A0736c105BBb388dD577F81B349dF,0
0x0148349Ee4a1B1510f7de20a7b55c615d4871807,0
0x678D395EB7Eb35d25bE38EC9A56da7f61328D817,0
0x1F1bF3FD496226cD2b70F0eFd8702a15F34aeC57,0
0xd2057c734C145C72e134c87D9B803c958785f051,0
0x3f11e4c15c3E893414B413dca5792644ca5F3139,0
0x7C13d164C693A8eBA24Cb125c60fF80b9f5B38B7,0
0x20c8c59191Fe98A510722D1738609304981A704d,0
0x3ff3B5Eb4D62F14836cEEc2B80B02BA6d0d77fcc,0
0xC6a7233297fbc355a0858B1A6dD62d7Cc402043A,0
0xDC4E3ea4b5d10E9CA3c1E234efAa416dc13151e1,0
0xeaceedC489241B84196366cd5da70827A458f0dE,0
0xB6ab3DAC4f0bb084b8Fe43f52418957e61E850C5,0
0x618ec30025c8E3Eb3765844C2bBC12af79df52e5,0
0x0Fdc9B6a71f9C3BE7941A9323Def24f7110F80BB,0
0x8B4B960103000055E528b8572914CAdf7d67933a,0
0x0766e79A6fD74469733e8330b3b461C0320fF059,280629000000000000000
0x43137a47EEfe2F6ecF4E0285df26B77e21904bf1,0
0x389F493816eF382ddCca9DB83fAA93615098D13f,0
0xa56938d124E8D46fF4cfd8C16C0D90E20E69b382,0
0x7f2Ce91151b3728Ee515c73b9acb11FC90fA629B,100000000000000000
0x9B938A5BEeAF56a2f495B2Fce3189175fAb41B87,0
0xB47330A964B30F280386e042DbfA03c1d3b09E36,0
0x265831de32729565543a3ff9516641044579c3ef,0
0x87840C7bCc64c9d28a9ED7a0E856bF90aa254ABF,0
0x900dCc0594741726c8c0316b1111a55562CEf192,0
0x98fF436f6365Baf56a64BD2e65103D2dD6F452a5,0
0x7802AAc47b7EFA247ef4a3421C623343E0064bc1,0
0xbfF4d37c95BafD93De70288444834a59b174A444,0
0x99991d2D5Bce4B027Cc95e9c451501Fe01B797D3,0
0x72503331E70Fe0e6F7A8989Da39AB0481e63676c,0
0xe2a4FE30e391A4273e0F39e687E0420d0D5d5DCc,0
0xc145cd453e083D4FBc713A9992f2805D3A67cF1E,0
0x11B3997a9F2027C80397AAbA591B26E09D524fF2,0
0x450748dA7d161E1E0Ed4D272F51d446D9cC9B99F,0
0x9Acfbc989064096779EB6BFD23c3588FA013DA18,0
0x491CF110360f1De8D4F266CE3A03F3583383D8bF,0
0x20227a5D2642847EcF560611bAcac114cE87CD1f,0
0x53B7FA970bc19EE45c16621708a2ddf2033d98C7,0
0xED131ab4faB3112362a5B57A2aFa9D5b852BEb79,0
0xbc2C2bFDad96dd0d07DF2e51752E1A695840F163,0
0x4F1bFf0a3bC0Debc597e75aa7B96586103033683,0
0x83B33c24A278a7c5B2926a17Bd3BD054Eb9C211b,0
0x42e9885bD15E08c49FCBb20832041C2A2DCd7909,0
0xF172C3D92b868Bd430a2Fa1dd95faAC758f333D1,0
0x5b69f9C5C7683798EFD5497C369e6306934Cf045,0
0x7319120eD9a92055F9b0D40537dFC8953f447478,0
0x281a9164747b7cDff85e571D0384e92aA2a6dEdF,0
0x87B30Eb6a0eE278E01d7ab682b412Fc668325426,0
0x20a4Ba978ADFFAb6da260B0535E203A50D62b625,0
0x6CB30d5DFe8344dffc6dB70B0DbBef540E6f8d4A,0
0xC9247d19a63B7B6edd6A1633a4D2402196207c16,0
0x171353353abe720816Af3D809E2ed359e6592465,0
0xDa75fd484a14485Da4EE0cB145c599Cd159B1476,0
0x59032De0462903b4eE105b2af75FE59a7a3638d1,0
0x24c982FFa6407EcA81C00E5337E11209C1Ff2175,0
0xaa1c5228dDB4D050AF924AF9d7a748d0c0830f22,0
0xDfac832beEBD3219DAeC4c93af260C7b3963790E,0
0xF0f63B5B9B9D622E5Db56aa091Be8c475Fe3F862,0
0xA48498885E4b7333601140b5Fac08fD43267C2D7,0
0x183e4c38D68D5302725f1Cee231c190768f435EF,0
0xBAE7454c6860f2944A3700325D01Cd6CDc8F617C,0
0xc50D092b56c05edf9DA5798A7bd380dD8d55F351,0
0x2260B89775fA562D0EABC85B47de74aF5C8cdA9a,0
0xea09824e6F72f5976AC20adF082c66C1D707cc2F,0
0xd85dAf2c68A2Bf3BA371241098b28ef7e6cE4ce3,0
0xDF52590CFC253Db2CC989F63FC71b8833BE9D953,0
0x864c7d686F578Afa9D068bE229C3688BE1A9bdEF,9999970048
0xffa92F04cC5b03E5BB275AD53C584535cF417D7c,0
0xC95df0E95Adc10a2a98F75720be776a2009C1A5B,0
0xF764aE7020b123693Ec91d71e7202bE9330718F0,0
0x6c828239c5a23e68ee0A7692019e6Ba49Bca49d8,0
0x112B7f92487d4CE980814FC22b462b8c90DEC787,0
0x9c7c7C6c91F6D3005Fa9F62d888e2F6f7D7Bb029,0
0x91b35c2aac88A8de5103dE777018cb73495749CF,0
0xC530fB21e5324D2E227Ba365579cf70FBecE707e,0
0x9c3831A95230245B6aAC6A8539EA41b6788f531f,0
0x90CBb95A3b2a886b7a8Dd3aBc3bE110255145f55,0
0xEF0016Ad6B076800539FFb510B8b11a2A2d039cD,0
0xb7fBcCc7860f904CF253B4B0501824C281E88159,0
0xc48BC3A3683713a049275940f18e765a2247caDF,0
0x28641de2BE80Ed10c070B32E792085C2b197B3bB,0
0xFE205ad7f7fA56e7eA28f2D8958F1e831B0d7dCC,0
0xb79802e53fe5aAF5235542D5ceb474Fcf9a4f357,0
0x3b7bb0912fE2545CE976652C2A2e7e63948CDe32,0
0xcf25cFA6CE14840b24dF88a53c67e5E26a28F409,0
0x0aBE53c0b89AD7011DBEC05f224433E0c4Ba55AF,0
0x2bcC1e39FbB87126AC3347978e908Cc347EA56b4,0
0x4867E23dF8cA88fCC49F1a21Ea96b7B4B4241DC1,0
0xc7be7577272691598c54fbfb04aBd08790199cEE,0
0xD6B66d67dA20525a50658fDfC0f6Fa996aB4840C,0
0x634Ed37F16615651D89b9c28430fB08d25a5e6B8,0
0xA38C982Ed6c64CDa34F86c723D0b0aC7Ef744Fb4,0
0x12C9543A9B9E3Db7306d21Bb74889742B075F563,0
0x8DA70eF2ad01Ac669F7E73D8B1C0fC9628A93b2c,0
0xC4AC0E0F9d2eE8b13932fa3bCFEC563A4879e7c0,0
0x22e08c2b79663E6D5F0861D98Cd930bAb7A11a06,0
0xC7EAaB7d9BB38474Cb2d08BC53b5Df6D6576fd6e,0
0xA0A36FfA7b8a1cb5FacdF6de2996EB3D5A6d3779,0
0xf1482eb6bEee37f4B8D46593FF954B1b88A3e6E2,0
0xe7B21d61b3035AbaE688332AA389A13506d55abF,0
0xF6CCD3EB3D736Db94123342856f67F7C34316910,0
0x1D05d057aECea117B3DDBD5BB0922EB5D1DfaC40,0
0xfE4502876E6CFFa1800F735908dc3f2A46704251,0
0x1C8C609d64729BaD51E9D827A5A31Aef85e6D491,0
0x7e0FB87F129B1878b4aED66735D965b967cE91fd,0
0xC27a536718319E251CD62A1611B981BA18F86E65,0
0x27dF3321E1e06e8044f65fa64d66ba48077e1005,0
0xCaFfE38d4E127A72b4a2Ec08825610a3B35EE465,0
0xe5Fdb346110228a2F3E99F27034EC10069d61aeb,0
0x77d96cFB67D00f8DC541D8b03ad1ad6d954774D9,0
0x45e3a5a84E2a4CBf1d8988d504111f3E86Ae231F,0
0x535dfef2Ab13Fc04B37e570dFc648e4f1295Af63,0
0x6F53c2b668858E557ea94849021E5D27f48AdAe9,0
0x11f1174c1c2e4D880B7318427706aC2b331b4065,0
0xD0a5f76f3a8CCFCA69F039D3BB92E9E75c1a1d2d,0
0x544121ff39Db7BF4e27A78E9C6E921B05AEf8147,0
0x2874b6D858F44FB4A00f2E605556d55e61cfd315,0
0xeee66F183362a0736A713242C9417F506FB79cE2,0
0x698b3b138FAf833CE4748Dd53C98f66157EA0ba9,0
0xee4600b7a0EE29C1Bd66ef1F7AD2747eAC6581dA,0
0x6378A5fDcC339b3b338ac03cA461fBe7BD603Ba9,0
0x34FCc4Eab40747d1ac6484C25800cfF904A39e39,0
0xDA37AafadF974c652d074b5B4B35bDa10C4B5eE7,0
0x73158cE2A6fb666e10EaF72eA4Ce5b43a25F0778,0
0x6c3F4Bc22600731675931E3FE11697881B4d0b50,0
0xCB9D5322792d9B313B7F237b7b4Ce98B4cD6A3b2,0
0x5Cb46A32f8eD97a74f0937833cdB7e9F0666C2Aa,0
0xf404Be225f2c809058b0B2e68F90C07Ece833065,0
0xFff3C0C93D7E1621Fa8aC2DD0c32B086e6a91bcD,0
0x67ab9D163A76C62c56E365801cE978B5835b8Eb5,0
0x8Ee2Ea2976C67ebb998B37Fd91dBE7Eb47207297,0
0xaBA37C997D6f8bE13B993611B556edE1e60CAC68,0
0x4FDD00FE049E34D83216325232bCBE500698e2B1,0
0xcD0c2A8Bb37c1DFe641371cb96864fC77375f292,0
0xF0Ba2573AC4fb3A47f759Ae97dcefEc3Bc5B88a3,0
0x5fc4cd52b7538E2dca91da99A0F4945623A0A3f0,7028375898
0xb1537Ca7159f264749967dfDf2f9c5B92f2E704F,0
0x305eE2B6F34468458F79361AF1ebA8d1B0ff3522,0
0x2f51263b5f6A75d0D5a402df59696f21Eec04166,0
0xF4c1B02dcaBc28f2dBAfcBF6E06Af658d0164CeF,0
0xF4e51EE658e9B544c606fc529937B7b9A3D52715,0
0xF3943a3edF9b3F07c193179C6b6c48169c5b9Eff,0
0xBF9B5e1D77495A126D2069684c3c7125820d8E75,0
0x88fD51A4ad1c057DC6De4db91e24F68Be8337125,0
0xf7c776aCdF690Be16f90cF8e4CbeCa51035813aC,0
0xf65B0D9bfD02188a7Bf51970a67626829D45890e,0
0xEdbc548e9EB691790D2b36b6D229AFC3D37cc2C9,0
0x1b8613DdD0DA998bE74D2B2E613C28c8D206021A,0
0x1DD16a14c1Da2e2eF27416D18A7C829032f15264,0
0xBf25462Ad384700c964c4A37ACFBe709CD073b84,0
0x75d0F88Ff603BDaebCaBE8e93982be038254CA84,0
0x4dD7044d29103D823F5dAc241394d9dc79b53812,0
0xac2D4600060E8Fff0BDf60037ad42EDD8a9d1228,0
0x34ffA25371D490E4C3A02138d9d10A222f1E5fEC,0
0xDa659596801bE6cf293CeF1F3FA0D1e049A3391f,0
0xbF9058607A487439C0D831B2161f3D8D3FC5Dc3d,0
0x30cd503b14e45aEC3Cb0404143363C3bE4Bff913,0
0x645c3a5F056a1D602eC85a2f758fAc4bD5164d60,0
0xf5AA40d9f728e54b4541d79CCc24089496ab8Fe7,0
0xBC9871D56731283539155d0760da97A0bDf83a2e,0
0x7F65Bd335E3E4975098B576628F2767c1Bc1f76A,0
0x558188e692aD36b97610D4d2E7147c94D3038d20,0
0x9F2cAC5FB1E114b4b849d00Cf76a15200Ea0aD2A,0
0x6524aB061B4E16EcbB02C711d6d9a39f0330CaDA,0
0x10c7AA31eC257983d0Ef40f3046d4D42C1843eC3,0
0x70819E272743c062A5FA8e53c811B6E5b875299f,0
0xb4b10998D532d97e41C4aF5a96C13b0FdE64e778,0
0xC545F8d228E029A18be21a5f5B7a7802196c2186,0
0xeb4293cbF3E5786c35FEEC3a510C981431446EEA,0
0x8c1Eb14c99639a877C017399B5fb4022B05C9Cde,0
0x0E1C3B04aB2e495150719cC6AAF73Fe12357B206,0
0x19675BCADD04418740464fb75f531A5540363f7A,0
0x93f8a9aFD16179663e6967e89c2D42A2262E6E8d,0
0x9E165B275eEB01f7f5503650236769CaB3215F21,0
0x069eD2416c5e75753F382aD8B1aDaa934437f1Cb,0
0xECa97F28b5E4C418EDbD09fa0c8e12217Bcdd223,0
0x3d7fA44a5aC5386b98Fdcd569178AedF20D42BB2,0
0x9a72A733f52F9f805b055Bc15729a998fe312034,0
0x81a0Dc27ce389f803D5B4fC861036D825F7AA33A,0
0xeF0dFc8EcA2536eb9A87D3d0191225417b60d941,0
0xdB31E0a105CF71f38132D580E96eFC0be3CA94b4,0
0x279521AbAe133690C0c1238EcD0A6B13BC81d1f5,0
0x6C4d3d091CFfa0032CbE3f12cF0685cde76B85B5,0
0xA764A48e29a0150D9DD8a972178D64955Ad0ebC4,0
0x450210C2233D1957A0A79CA40A8261D10A0a108c,0
0xF7DB6FFd87812b2e019b77Dd8fdFa79Da33F9e5C,0
0x2FaBfd3FD9f1cc951C8b0C382f31E211425006e8,0
0xF80B29629ed3bf6b9f98F9829fe976F56C85190f,0
0x436C439E4D7F9013fd38F314087E8cB5DFD24312,0
0x184997aee78F575bE83904A7AC98eB307f763622,0
0xBCebE6aa1458Dd5Bc93b1fF7Cc2847F8f571DdCc,0
0x49C96C63500B22C732C26a3E4b3085e526FF7A2E,0
0x5f5A6042FC3d21FA63Af11c5cf406f5905B68782,0
0xC93111680678cA8f9f1069cBb94295E80843A57d,0
0x8DC1c70E2a5c68F67c49a0bFcf40dC4C669768Fa,0
0x15291d72B85DF5aebcb95ccC72b11c7e8298ECE0,0
0x73cBE8D643e3d9Fd5D02C8791f543faF4cA03a1e,0
0x6b79C03046e3E5d2Dcdf9E2115B20eB02115af4C,0
0x90fc6B777b34a3eE4420113A860D8008b9501DbB,0
0x36035273784146D2262A7F96986d4E50d8F12885,0
0x091D1042336A189913D714553385e1aCf5363983,0
0xe3DE9116c450E8c594eC63e4e1E9adB790e52352,0
0xaCe0dB517914BFDBE9A31b7aFDc4f33BC88920BE,0
0x2731800E4FdCc279B31461a7Aa4aBE72cCE2EEc3,0
0xA5C4D7b134Cca887Dd1525C24E1fbc5b5fAfe61a,0
0xE05FA0C1fb8Bbb35E5470B57fEDd424b85363cf9,0
0x0EA1CF0e3e2A79e6A62f520BA7FAAFFEe46dAcB9,0
0x0477eE0929DAC11740f9749a87DCD83523beaEdc,0
0xdC38D069f198BdBe586db197D5EaA6f756272f31,0
0x7b4d9e4B932C94aaf77f493bFEaFa2c2b688dFa5,0
0x804f600ACaecAD592089DBa484807C58Fd077e30,0
0x95916526F650F0AAbc24f3EEEBCa943460115be4,0
0x223BEa340af24331384f861E7Bb98c06713b53aa,0
0x52353d318B31788d825076a5A6D8A4791f98864f,0
0xEdf829c0C9834c1e1796221B3E3674993fcA2B00,0
0x00669E41CBf4c99102529902Ecd7432fD6B5BcC4,0
0xDdd5B32d31B327E03a96Ed6FC530fD141923Cc18,0
0xD2f97e72b6F0A042D13d3f38C2852BB02C48E76f,0
0x26A737981D7d14d82Cf5E234dfA72FA364298B09,0
0x9eecfbEA969208784Abb65b3ffD3548f8fA5a3b7,0
0xe9d6Dd769863e4deeF56b47442Da5eA29F19AF1a,0
0x491d560e06956CA5fD711C789D4223C44E2eaf6B,0
0xa5f41C3d52D77DCF99f14322E729F601a624d979,0
0xd4da791632858bD89F20a91241F21A169916F62a,0
0x5d50B1A630aD5E6A6814E91F27A32AAA8bC7dc57,0
0x70C4D8913BdaaC4160B547E56520fa785b5d851F,0
0xB806Bc03CBf2EB1a2b0a25388cAb31b064D9A81c,0
0x704f5A15d837c7629A67370089994F6755570554,0
0xC907c614850776c4028FCBB40542bF799F4462FB,0
0xD1B3Aadd6a17C8F25864597e1b28Ecd5FBFD798d,0
0x0129C3DA4Da6Dd2411bf78a116D04F51b45dAa4b,0
0x1e7ab838D5bF4c90CF0050A963D00f1AEb6a88ED,0
0x1920B4FcD44C11937eC2C0018C0794b51E976c48,0
0x92b97faC34265F9085042A038F3722ECCa437422,0
0xd5aF802169BCE5671b1daf953d5E68B3c91Dab6F,0
0x1bb794176604139796B05bDa7De3Ff5f54AE3Fe7,0
0xEcBA21081B5A6eaCF5378d3e953A022d93007fa8,0
0xFc1B23f162E873C75E818E3c8c213E12AA5c0C38,0
0x939029ff8A61a15B77347E640D5661dDdA1b54B1,0
0x76279d9D7f65a7Cd913A3d332174f029279e494c,0
0x745E243a80FeD061B6f5d238d571b8926A243070,0
0xEc56Ab344eBcBf71c310089A90e80FF0c10853e2,0
0x56c3ed35B6c083F72A149c30f9CcBe72af9bc456,0
0x8e9Da0f2fd0124dcDFE7a46a32Ff0BaEbE774Fde,0
0x458ad4124C25A3AAEeD636fa3520cA5D52435484,0
0x884f4504cC300C18D7D88b2480c283f2D37c47cE,0
0xafBeCCE08bf66463fbFAb2f2feACbE9fdE6c5edA,0
0x0a4c21E9285cd521b7A88C06Be3E03Cd9eE9E7d9,0
0x5329C25f9D040e8667942245E13d88da39FA88FA,0
0x5e00EE14223f6492979715cb0a27bb72294F4090,0
0xD76C3fBf029b0B88060c2236F7cF07f3D2f1e3Fd,0
0x595832F8FC6BF59c85C527fEC3740A1b7a361269,528000000000000000000
0xA1C50129A6a146A25209BbdDd5aaA0c12AE8417e,0
0x243751a13f130351Db35bf69De8C6A21406821e2,0
0xc7b878Ac46B1C8E2078049eE7225316889B577Ba,0
0x9310b9E0968cBc6d58767f7e57F032C9a63df047,0
0x5BE0AD179975F5cE9aC20CfAfF1961826c71bfAA,0
0x293EF8fb84b5011D54881f930DF2602be9d3CE0A,0
0x66062B3B4f65ea2ECF54AB65E6FF99164725A79a,0
0xCDF33Cc70B9110d40F078F338780831423B918BA,0
0xA4AE18e3D979cF952187D9CAFF38550bDDE4fabc,0
0x71062F5B793646775877FbECcC4Fa6E54E26F79f,0
0xFDC408165623a42b0F2537F1fFc43eEC1f836545,0
0xCd15d097987dF66c3FEbF84ca3c58E1666683c82,0
0xecdE9bdCEFb337210b990329508B4f0Ee825075f,0
0x1FD37a7C5a63aAe701eFE872FF8d91EdF5fc44Fa,0
0x58F86f8EE30bb515E2F6077D59d9cC80e0fb0d65,0
0x66808D2E4A79DcB1D0F3CF7C8beae8Aca9798f04,0
0xa95AdB89Eb39e486E230261862088c06e4f9a541,0
0x6594eaB516414f0525c07cFB2Bf18425176Bd259,0
0xba3cF39D001d6290aACB63B9420691A03E6a7750,0
0xaeAdBC398e12c116318752B6e0ce96AB25950163,0
0xdC26A3415d6aEAbA9c751f4e41dC6361B08Fe47c,0
0x13000Da6654A352ACa68ABbF5c1777882A8C16A6,0
0xFE0D4eca4D31D630C1F2710984531545234c6bF2,0
0xB77A8b7a9819D61ef62BFb98834e1DB32a02B245,0
0xd137eD4F694A1C74E54f0f0962aFA8054F86488c,0
0x226211Cbc7A8f7DD22f9b5063C1d0a634da46885,0
0x049CC4F324A6b662809078162D5E9e1f536c6c7C,0
0xe8997A21eEA469D142B733E9c28fBDA7bDC685a5,0
0xFEe2837e62B00d829105FcD82311C32293205581,100000
0x325B9724c922669ABC01E34A4235387d94726E60,0
0xd46A183EC2f6b47AEb5DB039Dc7F386Cf1fE5281,0
0xfAB83FfB7F27f1307b599624546c71798bBB5439,0
0x159c9Ed5Db0704a743B9093b07Bf18343a9F3091,0
0x403821f09aF2F7316983fdCf14abf98a42Ae1A24,0
0x26255e80b7a464111B405f06716e489048F2dB1F,0
0xD373378f147f3E4A012165cD3BEa5217de86B865,0
0x284De6e72867C7db609B6032f8AC9c23e46Cd1D2,0
0x4D77E03A5352a361F3a0257e044E608dF5b45356,0
0xf0Bfa25b4708DC3A971202Fcb4877E81B8966Bb5,0
0xE87720E0fe6DDBA96dB3F0764cA81Cd5cbA3A584,0
0x283f19CE2D1B2B0Fc9A7EAa1D2793F83E0C195E9,0
0xD3eF35d39216f0122871E39fDa33226BcE44964a,0
0x6145A37dF756AA1E7010aF159e374AB48ca4B4D0,0
0x62A16F41A367eE537566E9fc6c88CeFEa6e3a072,0
0xa089309b2Ce4e62F22478318D0034EBF12b36Fe8,4393016709
0xfc62050846F6D7F9161Adf2D1dA3496EbC30FEb1,0
0xA16d310784e6A0C4c7E9E235ED831d9f51B6E27c,0
0x115C5D968ACEb3529088d561158D048c6ddf958D,0
0x08B67e38B4Ecc788Eb0CfbaB72074C374eCddBF3,0
0x74F4e3C56d41a85543C5F9cD28A5C583B9ccE434,0
0xa765A552FaC1235C9b1C4417572c6116e1E63089,0
0x20EfE826A819000729B7FB24b5F96a3064102C3d,0
0xD24Ac8b5B7E3050c92138BF2D3ECa86288624D97,0
0x475E3c1069333D33DAD5537350000b3CF981a4c7,0
0xfe39a984474482041ec3D02d1956F7cF7238D1cE,0
0xE86b4eFDf154884a5D171bbB2eAE5AA7A12F2042,0
0x4711ad7049a4A0aa7bDA3FCF46CDb57523599e86,0
0xeEdbbfB6bd4E76407a5e1CeBc4eFb0bBee06B0Bb,0
0xc58Bbd48046232425aA34362DB417041C709420c,0
0xb7D0CB94f6A23f1026d97e2B97D58aA453a79e6A,0
0xb330e734841473B01824f87cf452af68e4e8C168,0
0x8aF2f69E96380fACF7F2e868354930f644451632,0
0xdb6A2AB6F4E4f6bfDbE194a93a0265b51b5FB4C3,0
0xb0A9bfF5f6F9A4EeD4ddabe5F33Ba5972F4E9F96,0
0x64AfaEe1BCd5Ba674929363FF9Cbe2Bef304F934,0
0xaA385e785185DE1a75f656C89c4D740F7B4d4781,0
0x350276FbE4a25AC277A0207D580DE5528ECAB2D7,0
0xeb852637508cFd67983640C7c73C6F225f955590,0
0x9526d3041FD462DB0cc9711A986bE146CedE9974,0
0x22821A70f061206254c076aF7b573f9E7581E8cE,0
0x9a82E06E1588F1216b71a29083A9C5887D29B868,0
0xC6052903c65c31B7120eA3be0b353B61Ee9bf984,0
0x6429d197c5dA18DA16fD49a8850dc5De31c37F4f,0
0xBB610ebE16E9DE6046E4E9dA9e3572e95579098E,0
0x28D924A6Dd0f7a37c1b70f16E4EC3DD0547c1279,0
0xea3Bcc9ea0E3773ba9BDFa24a2579C732A67EC27,0
0x4Ee34673FC34e498f225Cb0B39c1b54890145200,0
0xD447cc0eF5c90E09b21D8E8F31E71Ab6b18c7c80,0
0x01f9145769e774578b23C53198F8a812e67DB808,4189383669400
0xb0EC822c836152d2e256d3570fA7A513e244750C,0
0x0DD8b55F94204bdfe501D8867780122039A53c40,0
0x7e08516522E268E6582D968e3e9d62193Be964f7,0
0x71CBF4466F86a004bCb1b5316fAd5b6A6E2ec54e,0
0xef6EDE1C5fF793180dAaDA02ec21Ec2cd9Cc89E1,0
0xf53142A995823bEe05F36A94f40A083f50A19F86,0
0x862c72c590a2417536bBaac7C4d86b49877C9385,0
0xD42aeE87CCDF920Aa48b5aC3945538d0c8B17539,0
0x641174225C98e81520eC22e5bA54650F5fe46b69,0
0x816fF2A4a5c1AAf39ab35b36b92b157043571c55,0
0x956Bab30A8AF063a62399F39991aCEf92A1EDB35,459378453236
0x27677Ef26A1500E17aaaCB401945a415dd7A95dC,0
0x4BD7d347a548fa065D36ae7D204ec75af097094c,753892150000
0x836F569CE140cF60f3B895516DC5302Ef63DfbeE,0
0xE015A8Eaf0d0C72a35B636E56079a09240D671e7,0
0x4284Abb7Fe7E55BE3237c875D3E867Cb77980215,0
0xeB7AaD2A73e7c36e805B128B81309c36aC101dDE,0
0x77aed7A20fBBBda721b0b4209D5E462cD9b5f1C7,0
0x62129572666EF7E3DE5acADfD21649E66497A48A,0
0x0EAF96d8ba510E5Bb838475122A29454f9B443a3,0
0xE0a3b92A886e80F174c9633Bf595D3E55Ec2eD25,0
0x9b5751870517498dB54EeA2DAc4cBA6215c1a1f7,0
0xE2CE6B5aB3E32105F8Ec2462E186157591ae0672,0
0xE919e6a6B8084377f85A59a2702bd1072b79eBFB,0
0x932Fff4FdB1EfCd641B6A5D47E3C285C01aeb662,0
0xd0f7a2Dfb71bE8Ce63d32ECf66D556F9079cd0f8,0
0xE4219200a64B7E03bAEfa455a653749ffE36CBAe,0
0xb480Fb3E428D54f4C1b22A99799e93A0259240cC,0
0x7d6a81d36BA8b719d32BF3DaBAEc508ebB2A8BFf,0
0xA653FACB47cc44d68f4931DAAc22a013f801025F,50000
0x2FB0ff7275F56d6bEFfFb6312EfDcb7f828C37Ef,0
0xb9AC0376De2829eECdD63fd2b31EeA9B34E23C2B,0
0x212d55907ebCb811b4F8f61F64091526dB81E8F3,0
0xB7e8Dbff12C9f6aAbFcE13D2A1056Dfb254E682d,0
0xb90Dda17bAB442A763f7Ab63C08eA1d9703E4B65,0
0x2404DFE6d89E42FFBeF3e6642BCCD54B10Bf8523,0
0xa4C0b9A3DD075252d13c96854BAc274bAC6dD135,0
0xFEf736CfA3B884669a4E0efd6a081250CCE228e7,0
0xe3b5B6242a89D34aCcE24915b95d8234Bd1e78C0,0
0xE99112eBB2489D8C4e578Ec3a62cDC73dE633597,0
0x550aD94973ba6Fb22CD09B32d88733eb0e3490e9,0
0x641a4716bC45211fCe3cB6df2785b0553a35f6bf,0
0x8245ff19719179a1319Dcc38ba9527818997D2a8,999999999999990000
0xe81D87669e8930af470Bc1cE29f3ba7a3811E37f,0
0x1487E03342AEEf50540036A02Ede17A47f80E38a,0
0xEFf0F50c313f3607d2d82192305214C746F6Bc8b,0
0x7E9AB010f87D6B5bdb69f6Bae6AF16BBD5b7Fe83,0
0x25Effa8817F467466e3aEb8bc8e8B17E9E26Cab9,0
0x5278cD3f71Ba651772d66Ed11807ed73b10A8976,0
0x1E52e0D1d9ABc8D5a41bA360749A7E0D7B0a26f2,0
0x0Ef1E7dFd0fE86Ef7df9fB6F91116DA3e0dA5991,0
0x5B8B3948e5483304b75E6467Aec7c3d6dC4Ea770,0
0x9854Bff806d427FE0B891699e49FE3B4Ec256926,0
0x24fB11511d154Ac98cF91d735b260C96a7FC42f5,0
0xC27617f7Cef5AE72422638D20b902dcCACc5B5D7,0
0x49FdCb76071897Ca64fB982B66b4B46c659569b2,0
0x8fa8caf3e0c97a9453020b2CbE555bDfED468197,5000000000000000000
0x01995786f1435743C42B7f2276C496a610B58612,5000000000000000000
0x81C1D66BA044B53259232b459fe12Ddf7c30C9A9,0
0x350364232eECE95AE2b62eC7f721156Ff2924d28,0
0x423C44055488d1bc7e3402357db9De1C2D3F4bCd,0
0x56Af307bF18c15F1944BDdb0Fe079B31a3aC22Ee,0
0x2eD540b2274731020c1275071C76Fc89d37871b8,0
0x4B499186FF9F33405F63FfCF83a83e2A8829E359,0
0xA52024BE694eC902b49eDEb199A486fB61E63e80,0
0xBB79529D89CCaeD337B36aA757E5e931f811067C,0
0x5d6240C732a8d14Aa72a3fCEAB0e2bBa1C60C1aB,5000000000000000000
0xBd3117C8b62FcD72C3c694b88426508778c8a033,0
0x8610F8840238de92261230f3BF85705bc289DbE7,0
0x3234019F96FbB84E41837E9C68994e08B82D99c7,0
0x4d2A141b1dD08C01ee3D1736f27271E3282f5466,0
0x4AE7043c0881A1Aa68F7a5fBc1E141F8A93eb0e0,0
0xEF972Fc3c25f9E8049445a5e82e0817F09A32257,0
0xf9aB90f69800B7128ac7D8EbED1B5492066096c5,0
0x3aC8A898a0C2B11ABCAa58195D57b2AF36F38eC9,0
0x51c5D84ca71Ea6FFD93855EBEe81D4825704F4A4,5000000000000000000
0x6d561e5761bD31f9A8977cF67a4F028945D640B5,0
0x1b56EfD6dA6daB7CD877177953AC7513e6a600eB,19000000000000000000
0x35157485c4F2f75107AE472950b8644d9517Eb2b,9999999837
0xFDF28Bf25779ED4cA74e958d54653260af604C20,15438000000000000000000
0x74C8A7D211518097A5d2A2a58bB6Cb82d1924BE9,0
0xA8Ae3C1A50b06C43D31Ef1B8D6b0E0B978e3bd1a,0
0x1Cec06cA9D26481eb08179B25841f7B979b09972,0
0x7F5dF05910D9577961a9CB7B01c5B9c552e26112,0
0xE0a2845fCe08513d191FFb03fD1490Adf1dAb0bb,0
0x24Aa2fEbA396D1F56909AC77ea9FB9b09a05e7A6,0
0xA36f3EdEA465b7579EC95f6E6ee9aD6C29e49262,0
0x8070a731B92f0f3073DB84e99E658c83F132C5F1,0
0x90A8644797D70D17FED0b12f82322BEFe079761a,0
0x4f4acE52e6A129583894970a9712196e78873079,0
0x1d9858CE1caFb54A789D299eF33c485195b55286,0
0xA25446bFa09be36869bF14329e5845F482D6B580,0
0x0148514C0D71c44A88Ee18d635c2Bd8A104905db,0
0xa0b23a02Be9781D376076746C3e3b12acE0769cc,0
0xb852B7e8a8BA656e8383A90bfb56BA0A60946BF9,0
0xB9a321757D143525Bb4920AC56ffAdad899C6e6D,0
0x84aDbEBca4205Eac64A6061578E811639cdb393c,0
0x47Ff24723D099c3B3F6dAb328420dF8eD0422db1,0
0x3b1D22DebFeE60d762d79b7d5970399f45971A0A,0
0x4fDFFA4d8f8086624368002256Cd61649e0Bf384,0
0x8542325B72C6D9fC0aD2Ca965A78435413a915A0,964801500000000000000
0x91f7F03f8cD777290DA464ad4a9fE8D9d26D5606,0
0xbE7087CeAF638f24e8e74d79cCF65014E2f3c2e7,0
0x5322CA3C0Ab240Be0B7945C18A578A8EFf845fd1,0
0x735f7C630752CeeCC17986aF4b15EFe487EDd2f6,0
0x2e82eF5965cCCeDb31F5E08C26D59c75d5B1F7e5,0
0x8EF22F5812d8E76E4ACAC3AF2B1B55232449072d,0
0xaf10F2257595D27213C168989E188D97902EB2b7,0
0x185c9a2322Ef99abb91D8f24b3f17F95C7F36409,0
0x0013cd01640958bF16a9Ac33ddDf7172129C841b,0
0xcFBDEA7280301AddC82955C7949ACF74ADB0f12B,0
0x020DbA2eebd6b966A3b56995B54c693D0528Aea7,0
0x34FF6Ee548aEaaA40d46D2178AAC5316A4a2DF21,0
0xe52dC83f031eCd96c4Db41520A05acEe6d47f99B,0
0xBF8979a9d9b29e3a1880a763776BC914be439676,0
0xd93CAd4BeDEFCFA93b8E831f9435aBeE81d78f3B,0
0xCa83C04202Ce7983C742Fe162D0EFA075852f756,0
0xE50FCA559CD6f3b3621B9073EF173120C131250d,0
0x1a5226CfA3B13Fa87FB018D814988caB6DA09036,0
0x55bbc5f58A5035b0bA722A08c2836BE3593C55e1,0
0x895d37F6C61dccB8A4105C5F6266Da59E3D05252,0
0x9A128B7A772c96b3a9e757e73Cc63aFf30B0bbB1,0
0x99472d9072bD1450bd25278be65D797441b29a52,0
0x859Dc3a3A711406e7cc00b0768B02C86e1507a0B,0
0x7DA791e3893caF56DD39EBa5cF2A8b5dd609BceB,0
0xC6B313E42Cf4FB6a2BFD3e6f67635573042E735D,0
0x4f8250e161EBf37C741E8150c885bb30995Ac50B,0
0xA319B29E9Fb4a88b0861287C2Ca86376Fd96E364,0
0x3f569d1E88d5aB2d8C8eDEe1172C7A70A0a2CD28,0
0x7907bD39BF1D2c383A8be9EBba6Ff4B8D8AD1799,0
0x19548C952f199E264870b110384d5FAD03bbACd5,0
0xf4938A561ddF0E1097e7aB0DD97489C175DBdDE3,0
0x7d6143c8758f7a76497f2dcdC86c03b23bFaf939,0
0xcAB1882314736D07e962644D2f10a8Bbe8D9e27a,0
0x24a53E1f98aE2003dCa895Cf2349fe9A5bBCE48f,0
0xF8c94E74ff918E3c2fF018Db60929511D9BFbc9B,0
0xb1dcfA0cf5E1556ff4423B098CB73977B4d781F2,0
0x90B467c3eF59F0Ce36F5CD70AB3028534250E8b3,0
0x185B8876d200DE0d49bbe121Ec6Fd2a28F4e78d6,0
0x68B2DF277128035092493FbF92342E12851F9412,0
0x6B5107861A77123663602F2caA734A74BcE83E2f,0
0x8187b5e5DF84D82e77e3059Fec49C5AC83D48E13,0
0x7dE52bA62eA0850EF4266618d7cd3fe0D5A1DA1c,0
0xA9cD63152f6Fe337b463Da96FCa826A6F2124F4b,0
0x0319067ea9E121e88bf2E7066E4E37D0648C4e33,0
0x4aF13f5D1Fcc2B6E143055507Bf7f8f114eb3F5d,0
0xeE7b8De18Cc72504aFc09F1AB29DF83Ea4Db77D2,0
0xdc83822aeD8c611e0846583e7757D0eEB5a36372,0
0x705428aF0975ce42Fb8780c0CBe491de7e3DdE5c,0
0xc6f03205a0FDb5711eC387Ce2eb0117fc2A56E71,0
0x93A6771c5b5e4c86274264AB13E77dbE34E2DECF,0
0x475AaB53f9194aC3f81e170A40843CBA3d4339B0,0
0xDa7C552d8184bA94652F6FDB7E0762F7D371aee3,0
0xB5FB38Eb7C6096Ab232db1E958E1d1D49219f2e7,0
0xdf3BDf2c4a9008eB91b9De8EAEB894774F43E18C,0
0x9eBCdF630cAC56c9ACad1835CeDbaEE02A4220bA,0
0x34A33BC78DF33f42844eC4908EE49aF90D7a99e1,0
0x2036eA0ac365654131278ea134C69827647F7026,0
0xEfe2e67e5Cef3f01a74078275A0d4F0110D6f8a8,0
0x8a848678a96Acaf72CeE3eaf74D5C944de686384,0
0x079E10F3c398932Fcd68f46A5c6AAe97136b64D8,27460000000000000000
0xC71dD54B7fBF5efE38389904cb7C5Db0ab80e18a,0
0x933256e532DAa571730181A7CC5bd457489d28aA,0
0xd8b13274e00eF3a410C971AB90A727e4dbc63621,0
0x0C7A85c5360BD55301096F69077927f1Ecb98B26,0
0x64E319F0e24Be3197301C9F4F59DB2d99230AfDC,0
0x0AbB1D507630DCdA1ca4c62Eb12EC83a4CfC5220,0
0x238136bCAaD68D95b3693d61517b99B7D166e5cf,0
0x8d8812b72d1e4ffCeC158D25f56748b7d67c1e78,56822014316737201587
0x669D7796c9a1435Cad8C62A2A43d951bbB45B39A,0
0xcd39108498262BeB5089afA4d85B90d4d93A5dd4,0
0x20dB0a6Bc0E248eC7bf5E1b331Dd9c72Dc533281,0
0x3b35040f1a554C110C24F3b48549515EbAa68aB7,0
0x35CfC1a9C116Fd1B6a086eb5aAF5bdc94457d1BF,0
0xa39E83cc00D381716904FbB3Bf794aE480a860D3,0
0x68e2A07503a9e616E331242454220a81a87F5294,0
0x7cC455363C48E61A816aBE3cAe3Fa1C4F30995ee,0
0xFC43dcF5819A794C92012BAf4773667fD278f2A0,0
0xC1984DCdaa57Ed6a34625D39eD1Df60A13566fb2,0
0x3Cfa4d44EfC58956700eCe36Cd3D001A5C5C29D9,0
0x1De71dDe804258D1D445f0d4D062D997Ee687eb6,0
0xBF42C620c7Af1a9483E2dB2Bb4b38fB4e6fF5E3D,0
0x4576B248146cADc36cBe7B7E9C908b5654F8AE76,0
0x84aD3808458DC35E1Da4200C7930ecBe6fF5F3AA,0
0x2ADed68acad8c0BE697eF7A0aD3C9ff8D0c40BCC,0
0x763fA29542D0CD9275502BB41eC3573800083156,0
0x6e204dF239Ba00D863492533Cde431e910D8C9A4,0
0xb234d0b436e7C9b838DdA1E71828F1D97bDDeFB4,0
0x0863d060Dc23FBA53225d760cd725cfd82017ab1,0
0x60B6d7227890b08502d82639d91cB14C5bFc7460,0
0x8B05aCaf2757844b75d42E04207ff3562E6e38A3,0
0x497336C058DBbA461648DA3A3f3abaFB94bB5F3A,0
0x4ce3799aF005843eb636dD7E1940489691c5caB6,0
0xCfdCEA906Bf17F4b0397A5f4276b34d58b2cD54D,0
0x0e36A7d87f9Afd3c7C93FA090E48008F2e98dAE0,0
0xe05f3bFb74151AB57173c662342486CA85efc0F9,0
0xE6A4b3Dea893BdcA122f2923f08C0dDEC4AC38EE,0
0x67dA75deA08e4696643B6c8091019C5cbDEB9A01,0
0xA69e82122B38D8350b3267CEa02D36638F0E4233,0
0x52758EA11dd53c01A2c6cc33FaCB35f01956858c,0
0x81b46AFA521DCB1343a1198C5982e2B70b815F70,0
0xbaA983Dc15E90a85C1606D08b8C15b547b54ba4B,0
0xAC1bdBd54965da388d158D9fD564d2cFB8CA965a,2923691647987525582
0x278856B5A0393DB05F99728F7F6678B39882962E,0
0xe01870BFD056cEf06bb48DfB012297f112F676e9,0
0xCdaABf9524f71bE8640fF40Bd51003dc84D27B82,0
0x5055fDf94FB8f58ce566B77Bf3c6AD6D9441D1b2,0
0x16FfAc0fc315EeCe456B64fFDdb22e5b169CFB4c,0
0xC0e69c68C326D4df5041E0249CdcfD250040ebFc,0
0x5e567Ad8eF32d32ae7738e100BE8FDC4e069Fb80,0
0x5d3c9D21eA95A671D9a16765DC1Dadd8cE47Bba5,0
0x68Ca1a6Ff0978DDB96c8A7Cc88a2d8FBE43024Fe,0
0x1298C1ffb131da59c52d970a670376065D931075,0
0x6f31059Cae724c75001b4A02F01189E619d86d7D,0
0x6fFFcA10E404FB7b6153F312F790585E102a72BE,0
0xaeA1dfA0Ce73C5fE1951b3EcbE5a6795e286873C,0
0x1aCF59a2ee11D8119B8cbf22158BbF2c9d334C15,0
0x776eF9FFa1e9402d433d2df246d061cAc682c6F1,0
0x4641f8D2dEB40769A9C28D0E0E6f63c3E4720ac2,0
0xf4E13005dcd1AEb1eC01369E282d90b075F6E845,0
0x41E3e872D2261c6D0093e30683Ec2De82eB34581,0
0x5AFe113B8d5Ff506a035e48a6DBa0478D3FFb8F7,0
0x08C494344E37B2986Bb9faC3B323039D1b96F1B9,0
0x938b4Edd0651f5d1D33149858Bf86B029110A198,0
0x8AF96C6EF5180837c3306c084583a173C8C40813,0
0x60f89C26d94560541B8E28Bc8e48cf1DFee340d6,0
0x9e2d1C264ac0D184E36DAED738dB0360986acE01,1000000000000000000
0x8f27405e3F1ae50A60c90119cF348Cac0D7E26d8,0
0xd6da2cF2C85f3FefaE71Cc609A6Cd3734974715e,0
0x9E834cEb2b26a698d058CA9Da9DEba2d00eBD772,0
0x02aa4d540813Ee2FcB62aeb4eBD114D8f64BBC61,1000000000000000000
0xC13F1A61f74c72e6063aEE1942E635792BeF9236,0
0x93981060514fe159e08cbF21aDE7d7CccDFE294B,0
0x2b1256026a5eF6651a2206f16fa53A7F5F234837,0
0x51562c326018b826D3332a5a487C503F2A883AaC,0
0xbe8827fc3c42317B975EcBB75f2798A008E69370,0
0xAF9f348A3E8366Fe3755b9b72876d683e8275928,0
0x2Ff7192c33826bd4E6A0112e6D06366FcB3bDBA0,0
0x5D43441e785563a39ddB1112CA70A80190fC7FF2,0
0xD363B35d81ea777B2c9F8f0eaD05E6B3c2C241b4,0
0x32D220D37396B752746ee85B8B660e0E74714F94,0
0xA7F1568f0ff07d15264A42fa3A1E47Cd8250Dcd0,0
0xB5bC6bcF03bc33eaf438e6fa9712Eb741c00eA89,0
0x1ed85A2293b4b541ebc812D6D92B6D041913D056,0
0xa52c8371d379d7036A862673B08Bd73fAF4660Fd,302316000000000000000
0x5Bc22FE5DE0887F864ca24222D12a1d89D75B876,0
0x47834726835f2319DC92599B7d85f18833AcC558,0
0x50227da7644cEa0A43258A2E2d7444D01B43dCCA,0
0x8E4983CebD9b8b321362dA523C5569FE12e7ADDc,0
0x1C6e628EDF3b6eE2C4f5E3E634D2f9cA6B24f343,0
0x90295150693f17e09A69874eA0DA492039F26044,0
0x1c5ede9c322779BEf4746FaC44e9E9D06425aC42,0
0x596a16FA254213d7167d5677b4E4dccC4f4b9233,0
0xE63a5f0A3B5587EeBCf6918E7Dd4f31824f78ebf,0
0xbB93c53e3bB41fF343896EB0e1A43524c78D0078,0
0x67EeC5408fA2f23b13d4f0bFE2E281c7cAaedb7c,0
0x560Eb8aD57447766FcfbDBda095cb9855f0fb892,0
0x69a7c4F8a8754644e02aaF25d558650322EB83cb,9999986000
0x03b3E8752F0f5dAbB0D1A9423c6d809c95883296,0
0xBbd73903D607Ba1685Cb5a54Ee01859d456d1703,0
0xfB6859f60926D3edc42a6b594C7C5fFF2686c75F,0
0x3cd8245e9f089322e75AEbe3Bda3Eb4Aae5e0a80,0
0x609313bE2EB423f9E060F3eB601ed7975699b257,0
0xD7016954ec76535ff8653cdfF432aec2429b38f8,0
0x32311a093C39A2D6A2133F6BAef5AebDb857Adbd,0
0x2Cf4Ed83D28B2534507175533d2B42d70033e361,0
0x5AE7c72c0888154d13115D4dE893781820fDa981,0
0x8A5eCe4003Eb5B9f3EF20f22D963f3f92474c23c,0
0x10E27F886137455b61e9cCB21d30257911AcBAd1,0
0x8Aeb89cCED7af2e324154ef303cFA5BC44344841,16475000000000000000
0x765b3C76a1f1c05cD22782DdAC17db45c561e498,0
0x123b8001aF22278e8Cb709b338fe9c17BFdf7Ea6,0
0xbbC854EAd3180D5afc547A9E88107663999fFfa2,0
0xCA58b61Ca49A71e399f8af8f0f33a1db071840e9,0
0x8a8305195BAAc97bdF02863FBDC6D804C66d7f0f,0
0xcE8c61DF117c2D731AAC06C39ea6205bAc23c8cB,0
0x2C7D291716DAF8F70A98d30c1F88299b1F514e26,0
0xbb0abB05682E6E5F4A3Df75d2890aF4e6F87e921,0
0x643260a8829Ed7e36438Fb1D5f8Ef81aA82AA312,0
0xe20844FF213210E582abcA6FA20a0EAa3Cd7802D,0
0x0C63A8E625fEEC90f07306Ca9f0DA911dE8FcA12,0
0x8B8FA6289DCfadEaa4Ad8a42cdd8C44c2Ce9ca7d,0
0xa68f83188EFB1C021252C7d645182476763A63F0,0
0x5001Fa77c731C2488ddceC8DbC1c052ae3F0daCb,0
0x18fD6dC4ADf234eFE91A639a49962A3969a631d1,0
0x634a7B65a7c8a8a748e2AD4fe927409addF0c6bD,0
0x672740b231ad5673584D1A3762DB78a44BB8099c,0
0x8358ae1a1B9f963b9269e09aB55A90299424Fe17,0
0xf083451512373e469Df2b3b446Cb816020AfAfa7,0
0xba548F63a9B6ffd042082b2979842f631FB41768,0
0xc8A457e02ba80AcE99dCd95D42D5a3aC72fBb9FE,0
0x0c51692E27a27fa41D162ac4F60E3BeeCCfa444f,0
0xa50F01d25B13dAEDdC07830c206b0b0315F3D2DF,0
0xA6EE006140362dE19210BCa35a73880De7258d66,0
0xAcf3ce6bFA7Dc636fc15dD2CCDf352e0a6E89D61,0
0x13a116EE01FA2325594E5Ac3f5B5967CC9592a71,0
0x63c6Db3b10a6fD396F491e833CC8c2994890Db86,0
0x29481482a1A0a56b86561794b3633fC3C5E3616b,0
0xD6C2f8a6816285136659bF4AeCAfa60d2B1F7e8f,0
0xB98C38e2f36F5518201BAa4a5D485646913EcA66,0
0x4D0C20Ea703436966959c262CE12d2EE69913Ca8,0
0x457A3Fc10DF84d3b80F09aee6F8036c62E9375ef,0
0xE7125bb07097999CdaeF69744065Dd73170AE05e,0
0x45fB6B1b378Ef4455069f610157d33B379dc6293,0
0xe0faA4Dc523714c055e4Dd127417a0862007Bfc0,0
0x2eA003304d3Cd989138424430d7b0f4172D8F528,0
0x39dC1B583F80c35770229A6778988776C0084a65,0
0x1b811cBd3cC93658f010D32C2937d91369c24822,320007975
0x7B73541c735e9018b71c81A1b6060D4C96315e54,0
0xcc5Ada43ABE345b9e586740CEE488Ad0948DAd97,0
0xb578d8C1B8D3a063a2DB1714f5f03c926D85DaA3,0
0xc67556d701DA68443A4C7587F657697aDf7A13f3,0
0x0DBFFc7763aBe2c11d71947E4992CBc543eE7b17,0
0x239A3A59E13cFDE013E3D209dcfe95Da66934e1F,0
0x53c43D15788653F79F40552240414395177C80B3,0
0xb14e6791D318Bf31E84212cf12a75935FcE7100F,0
0xd94C60e2793AD587400D86E4D6fd9C874F0f79eF,0
0x233E825375250eF55dC06A306DdB8a4EEEF481dE,0
0xbc6CCBe31b3BA7144598567F56ee125441BC2a5E,0
0x1ea12CaD5356e5dBb8aDC7Fe9f0dBE48caC6Df05,0
0x3926404641B85d0c407b24E7d20E62A17C6b006F,0
0xB5D8c2dc937D81224CAa010a39Ea29C1CB6994e9,0
0xFAfC6cAd610C6E74fe8c31E4dD44c4632541B759,0
0xB2025A74487eb0798c315400D6EF40193c1e4844,0
0x83414AA9777bD4cB81c84A40a79a531cc8e7291F,0
0x34f6c682a08F9422F665499f0865081F141d2139,0
0x3f716faB39d1f93820fF286C8323ddCDbd4B138b,0
0x283ce75B871Af644E40C271ee15AfDcce418616B,0
0x9A8c5C228ee1bA850C78fFB1962Bd6b284369e04,0
0x3A65D02B48a6067ed7ba997e91EfB31B9b696393,0
0x6a90aD1D0396aAc0FA0bB5901BeB473ae5213b48,0
0xe0437988a145686F8cF6DBdeD6749bB655CC6EAe,0
0x69bdff74723f9C0300175E590ec10855FEc90Af1,0
0x79A00088cD9259bB849e8aCDFc5A587B6eb89314,0
0x0a7f127d117A33d5BDC4DCDBE2072325216b7A45,0
0x468D43d129503c06D8045B246781553A5397AdDb,0
0x99eDc50AeC7F3aA810cdDe9e3d7A161Ac9E6Cd4D,0
0x2534c679B419f17E8422085853e63AFe57214991,0
0x33D228c80a3B8a36631c7b6C4729c976923497E9,0
0x1d147c7e4560AFcAE00d80f640D3e5b9c582b982,0
0x7E4Da372627B9C24433A53Bdc5E6852b055C4e60,0
0x67e64a81aab3D298828A90B2F4824f2644e23C23,0
0x15B678E662c6F843109bdC1093659478363098cf,0
0x2f5D1Be769bb374Dd58969B86a60473D78940628,0
0x324e6ADb1fcED5fA4dcE4ac88078413De3757EF4,0
0xE49d8808CCEF72929dd09686a843ddCFb9fe9092,0
0xBb3744B778E3edb0952E9cC61E9a426f8CF8cAd9,0
0x6DAE86Af7e468CE76c3b98c0297CbE167F553BE3,0
0xE93c0FCc10E7E6DE8962e6DbfB4E9E8b75837325,0
0xe0fca4dF78C946A30dbD43cC9dd261B627C5b398,0
0x2838a934fbf261B5fD931b0C64bC6dDD2f19d9C5,0
0xC601329CdeDF522b26927C7DEbf39F4B76Fc0A4A,0
0xD03b7cF151F6fE40A1f50bFEc35eE415DA8fB470,0
0xA3576A6c8C4E55dD8D3e79401AfC53498D30a8C4,0
0x56ba1651a16f985Cc1eB09A34c038953B91c26fc,0
0x3a5909043632cDf5b12797799e39B632B5F38e35,0
0x03c9dD2eF30aA0ab23500F8EFd6f09578E9f715A,0
0xEc57aBF138791a89f162A4D5219e6a9FE6694Fc8,0
0xD0d591453e5272Bd9826CE9eD40A199a5Be7afa4,0
0x63A187b85097D7bA69b45E00781Ee5d73901C2af,0
0x734371Beb9D645aF58e12e27c4f3bCf2Ce5550D3,0
0x8959548EbfFDE8f5Cde0bf291b75fC467868295f,0
0xFc300D6dDc0B612F29C4Fb0c48badEBE213A1019,0
0xD2853C14605bc02b42f4999C672426B564B82C73,0
0x5BE010F6FC2d8C65683AE85f243ADeba4765DC17,0
0x1E386A17c3cD27Ee2b5f0801D154C4A7A4e411E8,0
0x9ff4894d0Fa82476a34e60fDd330D1bdf6e863C2,0
0xA175689261f135f9C37F93D0828DEBF989E065a4,0
0x812E33c25C1d437c8dbeC9e45cd4481368c6DB81,0
0x4DBFe7504a761eac727c1d94A494b0241e9A0528,0
0x712bB4f25e2A247C1CEA36D32B27E589b6b02310,0
0xeb5f0947BE9Ef721f3371fc4F12D62869dCbac72,0
0x0f458d2F8b915c9FF906A67fc4CAd942A16B07eb,0
0xd38b860a67855bBfC4126dd627420C0fc233EF1b,0
0x71bbF8F3163ceA5AE9F2b2425A5786265879cDac,0
0xE1b98D24f123B91BE5190e7560c4af3C65695Dd2,0
0xeE089f54D09627a8D0D1559B05CEa28af316580F,0
0x277d6b2ef778Db9D0771fFAF98C670644e495c91,0
0x33A96876A2DcFd863bdb70155Ab31F025ce1483D,0
0xA1184e700B777524E33c2d78Fc649ecf51b2Db69,0
0x3f086B4255397184E97fF17F0317aE0A5053b36B,0
0x42D3874e0dDA8638BfAB1e963B704E10607c3b82,0
0xaC75eae676Cab38AAC746047315f2df42483c75C,0
0x3457580b5fb2EA308D4225D8bE7Bf9b608c23545,0
0x88a5E852206A6fEB81A4bFd8E623ccDB502D9e76,0
0x65dA421E5EeAd9c718667BA58E76Ef0E2fE887BA,0
0x205DA95756bab8947993e5Ff92503FEbE102fe30,0
0x55251f1733c0004C3E86Ec39893d782c8bC50fE0,0
0xCc67EE29a7a810C58186196167e5465bed5842ca,0
0xB6200BCFBa38109a63bD8FE301023f7553c99c41,0
0x7B01EDF07791b0aeBd5D8C28380aFeEB5f496AbC,0
0x768Ed766c65c8F6fbFDc9e98022Bed7Fd428C5DC,0
0xba3Ed686cC32FfA8664628b1E96D8022e40543dE,18423687635574835200
0x95ECD9e55009C7Ea3Ddd8542140088F2558F0C4F,0
0xa74232EC0bBb8f79CF36c2a6C1ee13a53FaA430A,0
0x0bF89BD996E890dF01D257607D00F9435a83B171,0
0x1DCBF0Ff126416cE8e83BEBB3b7054527514BFdb,0
0x90C78b4170815533f3BD4E7206ca3af8ce231Ef5,0
0xF3cd937c51E46858dA0f7EbFFeCC62dfe837dfE0,0
0xB200aE499F30F67126b5c70D14f8E6153513AC86,0
0x894B5147a1C9149e7FC0F2b594e3B2B00D6b0cCC,0
0x8BA102504607fcD9F983e49C0E0EB3177397C027,0
0xc9C933C136A1259d39540a16CcaA56bcB5D7E7F8,0
0x1B8B66b228a42BdB335E16d879751cC81F3c0051,100000000
0x8cCeF9b1Dbd19803DE4A569E37d617AEcf67B88b,0
0x745D7C7ddD21a76aed0d4dAb5138Dc4c5746A75c,0
0xBd92B9A42bb1B43a4e12Dd561304a2284d181a1F,0
0xDAD60F52A9EA9589A6C5D02569cA21E4c76992a1,286262357
0x3Df1dB9907Eb6397bf1DEEecdfdCb019b7B49110,0
0x297929340197D51716549a7071377695f16B7Fe5,0
0x00d8282Bd456AB61bb61800269204a785e1Fa00A,0
0x315d011834Ead66eF565DAE8046e769bBB067ddE,0
0x649c655829241745F73760A85336e6dFa0D0b8Fe,0
0xb6D10fFb5c5e15abEC0894998E9c1A53c8732f41,0
0x88218A657f36e068CFAC234B38df305a98baA6d8,0
0x3470b4df7b1e06dab0E8E3a9FCb6069d6f61F44F,0
0xeD4Ebc52ED5591456FF48Aa96f6524bd7FB8544E,0
0x589F4984D9eec2864663a092b017AF5DD7431c60,0
0x270f9D007a0dAaBc953095f9641F0e237CA723fc,0
0xF4F2d7e8aA941C5a15bEF88fA157C4789899Ee08,0
0xc0c6FDAA0Db58bEbeA1296C0AfB43553A952d281,0
0x94CA7325fF267a3a9b5eD1b2Eb3A0b7Fc65577AC,0
0xa04Cf1B64d50b86fF2e739052Faec402C26BE512,0
0x11838678b641d37A09A3021A77eB4F3B210386b7,0
0xE5Fd25A876F61D634D4E5F5BD2774df98BcBCC9c,0
0xeaED0e69017dA60C0aF8bb9798211552659A9875,0
0x1D567214e08dcd0DAa7e7dFfecE067CA488c40F5,0
0x3Bb67F288a442d32C1d38e38035EeF3808807a6C,0
0xDF0f56f57a99F8be8E21c94C4afb3DE708f61088,0
0x9EE365a51fE1245D4916666B5d14983d9795E3d7,0
0xf35961277e9d2C41a1450eFD5a46B3464aA15126,429000000000000000000
0x41975FA234BEFfd048f53B7E7720eB0758c8bfe5,0
0x94193172c98f4ab7C5036Fd7Deb5dDEa556c6ED3,0
0x72337455ea07a115fC0b863842edD3A0B146eDBd,0
0x51ce8997b4F1ad6D39aAE46271ba178c1f15307c,0
0x5b8d7f1d503835aE4CD8A46F259dce6a0bb67606,0
0x503f20f446BAeD6adBbB60f6012A0413466aFD4e,0
0xBb17576e366D64596F4FE81d70E8A904f34023Fa,0
0xB9B1fE7E5aAb3B81EC6bBd51e22156E7578df69B,0
0x51111D922f035eFA8b3CbCeb4a770786e80aD6Ea,0
0x7A6e7C537499191335E8ECc955d25133b684cc22,0
0x35Ddf21e0d19cE4E16C054d7BD2814D5baE7fdb8,0
0xB647560F5c405A2720571139aF749326826EA5A2,0
0x33f11329d78e79ADdFf40264f5f66af6c885e7af,0
0x42cF8823e1420A9B9f28494AA0c30420c688D5Dc,0
0x898C9E66e80c22f24f98E3c2b0083c5B5934AB40,0
0x6E9Bf2BF352A493374F140Ee27717E6Cde5DDfa4,0
0x1047E4919e9f41590Bcd7D719f8073CdcCD3C427,0
0x00fe3d39475Cb8244Fc6DAd3b3dc310abD8c21BF,0
0x8E008120eF6d0959b3D3887F733ab76f482d6dc4,0
0x22098C389370c66855E6F46E7Cc0A8A9e5861d7f,0
0xC6dfCa84FE82877Ae934ea0c681290F5218184D9,0
0x915c40a6b875e66304C8c1cDC84520898Ed0a2e7,0
0x7CFd54e281A0B57aB7029aAde5bd1fD6Da2a47f6,1568500000
0x39c53b57C2bA99c77f75B91eC5B5b403D7cd1d23,0
0xA9Fc6a5D8e16a40B8E78eF6428C26e4F8928543f,0
0xCcE7D4E64909B6BAa537DD30729d184de1Ca472a,0
0xE744594291aF602aee2A143e696fdf09710877cf,0
0x01be0EFB5141A1fc725D68981c983CEa5543beAa,0
0x9691198C9A528d24b48754E98bC79d851e1f1b1e,60000
0x0C67e2EE17BAdAC3021aC60d95c88cfd10c7EaFA,0
0xdc7E167Eef4d9b85118272Ab3F94D2Bc264161Fa,0
0xB70C1cE9e5CC29643C4A367D00891aBD9adBcD9D,0
0x71f127C570647F294FBE0c5CC5361146DaeB7A3B,0
0x257ABdB1F3D02dC7a54985471995a5a471617eF9,9999950000
0x0c3fCe1B07B238552ba30e00c3744e728E005C80,0
0x94a19bCCE1616526080dD4233bE12a5B230D901B,0
0x16eB2C2a1673c3746d100B3dA942a6f7df39563f,0
0x773638511fC5fad75e274077623918723CB34204,0
0xB84Ae860F28292c838A18Be3a18122645Fa3433D,0
0xF58deF0139929e8f8d634C61dFf30242D0aCf172,0
0x0DBFC7d6f09EE16f8D9698272F8B6489c1ad1C75,0
0x1ff2b5621834EcAe339976Da8F25B754bdB38EF9,0
0x42B2771aD068DB5616Bac90Cf62A9fE00a6E2dEE,0
0xCD0FaAf11D5b7F9F9Dcb213D2d3899a8F162418b,0
0x2e12f743CD5f34c552824326922bB5a1De8CE523,0
0x12d32733bA75529925F4Bc3271895c3b7750d5DC,0
0xfd2262574cdbC0270DF2b8895531c307A3777f6d,0
0xcbe560Ed5809890bf15e7a809764811211DB16Dd,0
0x65d6A0d19753f5a6410f5429cFb52A8Cd68fbF1A,0
0xff3c8b718326BD7a021cF6Eb11a4f3c09767F9FC,0
0x3e0D6aB3A8cC7B99f310b1594cc41A1C8e6e4B79,0
0x7af7fB8E312AB15CaD068185dc888a87Dc1971CA,0
0x601a49D0eBd51d5C9699d90FCED6bD4ad8679D61,0
0x78916abd5325eF4390bDa2b4f4b8E70755BaADd4,0
0x271e9F3Be166C8137e07D19E0468f852C4aFe257,0
0xeC34aE0F18e784F09660774FDB60b326824BC1A4,0
0xC2693d5C1c33b00Bc2cF7e81066c81Ba7e41271E,0
0xAf06aa953903F3b04AE9b5956cb27442e06AB35c,0
0x0044d238F00B35EF8f8b740Fa27BB28387e0Fb61,0
0x1B957751021F601159cEC3c243aD0C46385A1e14,0
0x13Ebc6CF9073744a8c09240D10814956E0659B8C,0
0xC0A9B6455A40e75839E885da87A39c528a8Fe0c2,0
0xe7138e6401C3a71179180B9126d51A12AB7bb833,0
0xd129CBba6e2e1AC245108b484C8000061D80F3fb,0
0x17D58f9B4657225C1f4e1cddCd722a1b37D24bF5,0
0xeac53bC3B0F7aAAfD39DDE47E48F85ac1CBc453E,0
0xDF0b1f68b00122c1E875ea5cf8b2801c172793c2,0
0x2B660ADa63D18140D99743ad1df7597ceE85b46E,0
0x356bB77A92aC1710a4Cf3700B799ffCAE605051d,0
0xB82C7bE76328FBA1Dfb978c9b80D8718359D6654,0
0x3E714908F7021a2BA5AA6B814b399dCE64A7523b,0
0x2121A617923C81a69b6cfcf35dc620F51C1Eb7CF,0
0xd6e06f690330906Ac0675e3b0E9c9cBF2BEEb47B,0
0x8ED45577e147138E05F9D7063FD229a8D92a822A,0
0x25d4F617Eb9657d4eAb83acD4E4dbe0990F83BE3,0
0xFB44b680340bACB5152a63Ae25a1feb4998b3c09,0
0xd0bC16Cb7468ACb6f1041e78100128C1DD8ddA93,0
0x9604C9f84054f19B4099A5940C1CbA602338e9c9,0
0x06458F82E56f74837fC765a7cbcC345216122386,0
0xDB6E405a14123812B6838c6267BBA30332E2eCe9,0
0xfA2B162bc483c0969D720C313a939d765f78B198,0
0x8F0d14f01089FBBfADc80bED2A6e61e053ec3649,0
0xde715923aa6979933dF79F30711B243066189340,0
0xBD6f1DE60710E756a8b226901dB1D9d4762bFdBE,0
0x6d978F5281c96c5Aa5c6BCb34d02BdBf9132D1C6,0
0x8582C6C36CEB7A4Bf82ed605d190e2CF97a61430,0
0x23C3Ba577936E1C457876f338D56C488c6abd564,0
0x96C7811281DAE93ce224D7F89571aD6573D30081,0
0x0498A86f3f214c5939C974645B94868bBb9297a2,0
0x0c577fBF29f8797D9D29A33dE59001B872a1d4dc,0
0x4f46030232aeBF3CBedb6450525A2d4d58A18162,0
0x05Bf759A5b734152921288F90c9A4160088f4ae2,0
0x357c1D225Dd5c0bc345555b27B7B8c43a6eC3608,0
0xC71C38DE8B20B44Bc4C8fa9987A55Dbc06934A65,0
0xe5CDA22b2281D2113b5369758fA7a55762A9Fc6c,0
0xa79F847a0540Ce54cD05cAd21b301c6bd547c8B7,0
0xee21e955280abA7a2b0125CeD5D42c94a8aA173b,0
0x6D8977E9D57Cc4DCAf0d061bE50754F03ee6cB35,0
0x0C60d896949701Bf3f1F9A8BB47453EED8Ba3dde,0
0xfBBE85EC991E4Ac60e412D7aC0F988CE923a5117,0
0xbAf1da0eC5F4ab65D02B2CFDcd5485FE535B1e95,0
0x9610e7e265A37bc96e93f0f1F86D81F720743214,0
0xa0Ee97A1328251dCBE5b2a496d407AD0a650e7Ec,0
0x783EF17e370a1f9A8f15F583c36a3025Aac0Bcf3,0
0xD82855f4fAAA76F68389605009e930A0D0F88b25,0
0xE63432C0D88f6da51C2Cbdd84a5EADab0A9BFC3d,0
0x94F1F33D26315E7003f5e7442d53bc75a4E021E2,0
0xF2AC11628F731243513171d7D6B6ca9DdcfBE79c,0
0xD22654F3B42172eED207C96CA19DE7343e9ff70d,0
0x69485A73d08e79eD738dBC16e1afe46317965371,0
0xE973597e92aeb02775DAEa353570aE98DF895969,0
0x8c7FC72c899dc8c8C15328C38e45e5d878d028d2,5000000000000000000
0xd227c40ff20BA597dFb5B37de6BaAD0C551607D0,0
0xCA67DBbF7EA6d5053a8040901E023440836AE315,0
0x970027b89bC595d8DB2b608386Aa6b1578e9BeF7,0
0x89497B12F47C13657417f8983655F9a895f8CAD1,0
0x280d44df7D798Eb15a5C2B97f2FA6a6998Cc1EA4,0
0x658388f9F7f9D73E1F76EdF4B6341B507725e658,0
0x6117a7148363d792C003aEDf83329e1c9BdF5e21,2679720109
0xf2AEcb18f247aFe25E9C3FaC5Da27deB63145D9B,0
0xbf488bF7B4653c1d782331CbdAf59A2efBDD13A1,0
0x8bd1d438cac76F24235682056074024f7A35D227,0
0x6e758c4F11CAA54e5aa32A38FB6AF452389F3e91,0
0xa4BEcCeBa748F8a2b0E6c2ED69e1079a9A5062ab,3000000000000
0xbE684b6bAc74034d00421DE77E2C2CfA1BFC4ab8,0
0x9d3f1A37aD582F04CA9dF5A5B01a487740cAb591,0
0xb810a971b9291df8258d844e065bf83B6C6518a0,0
0x8760c8Bd99EC818151C2c0dB40D2297EA0156205,0
0x97E8D798037Cd8284FEBE8BA18199e56AD0b93e1,0
0x8c0F03fa5d9d0130492d869d60687d6B0344b940,0
0x2eE81eDb9A2AB785a9Cd8Bdd122744ffdB1dE367,0
0x1f8D6f9728E522e397b5953568CDdF15d6A6fB67,0
0x13B43e83707362Ff75190b4b48b214341C85E0e5,0
0xAC025aB3de12c71C244f690d66A96c02e3b479f9,0
0x4E20C1c7284d24E1fb30A2511DB69bAF755F5F71,0
0x1Cbe762893B10c487B7ceB792644147401975508,0
0x246f3c974C82B8A80221Bc64ee93b60e33cE7D5d,0
0x8a478D1F9779e198e66c679101edf0E73D5EaCeF,0
0xD703F063A1251BF53DD9Ef380019f9b8151D68E4,0
0x1D215Cd0c5CEC6E09bdD4e261F749c2D73Cf6026,40000
0xB1ef15c4B1E4688E6AcE6c46AEEc84A335A6d0c8,0
0xC525926A86249D61F3c5667A3fc3728e47017332,0
0xd96Ac1cc85B8a82Bd782582508B81079B27C0959,0
0xD233a5F9faAb8edd20e67A2602Cc08c782222De5,0
0xD0a90C50524b7A849cc6F3AC2Fb9a14EB54E262E,0
0x0F155f84F44E5Fd47b53f74f31256a2d8F955591,0
0x881C6A0F7bbeEe0806CbB7F5C2ceE1d6d0bFCBb8,0
0x3959A09844c3e449df5774140e8aea890f0aa75f,0
0x53182A2Bbf0585F3C773B0A7eC68DADEc63dE34c,0
